,Date,Price_Change
3000,2009-06-25,-12.0
3001,2009-06-27,0.0
3002,2009-06-28,-20.5
3003,2009-06-29,28.5
3004,2009-06-30,14.5
3005,2009-07-01,17.5
3006,2009-07-04,0.0
3007,2009-07-05,0.0
3008,2009-07-06,1.0
3009,2009-07-07,0.0
3010,2009-07-08,6.0
3011,2009-07-09,-8.5
3012,2009-07-11,0.0
3013,2009-07-12,-1.0
3014,2009-07-13,-10.5
3015,2009-07-14,-21.5
3016,2009-07-15,18.5
3017,2009-07-16,-4.5
3018,2009-07-18,0.0
3020,2009-07-20,-0.5
3021,2009-07-21,13.0
3022,2009-07-22,-6.5
3023,2009-07-23,12.0
3024,2009-07-25,0.0
3026,2009-07-27,8.5
3027,2009-07-28,-4.0
3028,2009-07-29,-2.5
3029,2009-07-30,7.5
3030,2009-08-02,-11.5
3031,2009-08-03,16.0
3032,2009-08-04,-2.5
3033,2009-08-05,-5.0
3034,2009-08-06,18.0
3035,2009-08-08,0.0
3036,2009-08-09,3.5
3037,2009-08-10,-16.5
3038,2009-08-11,-30.0
3039,2009-08-12,-16.0
3040,2009-08-13,0.0
3041,2009-08-15,0.0
3042,2009-08-16,-11.5
3043,2009-08-17,5.5
3044,2009-08-18,-11.5
3045,2009-08-19,1.0
3046,2009-08-20,2.5
3047,2009-08-22,0.0
3048,2009-08-23,-11.5
3049,2009-08-24,-2.0
3050,2009-08-25,-15.0
3051,2009-08-26,-3.0
3052,2009-08-27,32.5
3053,2009-08-29,0.0
3054,2009-08-30,28.0
3055,2009-08-31,-11.0
3056,2009-09-01,-3.5
3057,2009-09-02,16.5
3058,2009-09-03,4.5
3059,2009-09-05,0.0
3060,2009-09-07,1.0
3061,2009-09-08,11.5
3062,2009-09-09,3.0
3064,2009-09-12,0.0
3065,2009-09-13,0.0
3066,2009-09-14,0.0
3067,2009-09-15,0.0
3068,2009-09-16,0.0
3069,2009-09-17,0.0
3070,2009-09-19,0.0
3071,2009-09-20,0.0
3072,2009-09-21,0.0
3073,2009-09-22,0.0
3074,2009-09-23,0.0
3075,2009-09-24,0.0
3076,2009-09-26,0.0
3077,2009-09-27,0.0
3078,2009-09-28,0.0
3079,2009-09-29,0.0
3080,2009-09-30,-0.5
3081,2009-10-01,-14.5
3082,2009-10-03,0.0
3083,2009-10-04,3.0
3084,2009-10-05,4.5
3085,2009-10-06,7.5
3086,2009-10-07,23.5
3087,2009-10-08,-8.0
3088,2009-10-10,0.0
3090,2009-10-12,11.0
3091,2009-10-13,15.0
3092,2009-10-14,-23.0
3093,2009-10-15,-14.5
3094,2009-10-17,0.0
3095,2009-10-18,24.0
3096,2009-10-19,-29.5
3097,2009-10-20,12.0
3098,2009-10-21,-4.0
3099,2009-10-22,-13.0
3100,2009-10-24,0.0
3101,2009-10-25,1.5
3102,2009-10-26,8.0
3103,2009-10-27,31.5
3104,2009-10-28,20.5
3105,2009-10-29,14.5
3106,2009-10-31,0.0
3108,2009-11-03,8.5
3109,2009-11-04,0.0
3110,2009-11-05,0.0
3111,2009-11-06,0.0
3112,2009-11-08,0.0
3113,2009-11-09,0.0
3114,2009-11-10,7.5
3115,2009-11-11,0.0
3116,2009-11-12,-22.0
3117,2009-11-13,2.5
3118,2009-11-15,0.0
3120,2009-11-17,-4.0
3121,2009-11-18,10.0
3122,2009-11-19,6.5
3123,2009-11-20,-6.5
3124,2009-11-22,0.0
3125,2009-11-23,11.0
3126,2009-11-24,8.0
3127,2009-11-25,27.0
3128,2009-11-27,5.0
3129,2009-11-29,0.0
3130,2009-11-30,-5.5
3131,2009-12-01,15.0
3132,2009-12-02,-3.0
3133,2009-12-03,31.5
3134,2009-12-04,1.5
3135,2009-12-06,0.0
3136,2009-12-07,-10.0
3137,2009-12-08,-26.5
3138,2009-12-09,23.5
3139,2009-12-10,6.0
3140,2009-12-11,8.0
3141,2009-12-13,0.0
3143,2009-12-15,-2.5
3146,2009-12-18,14.5
3147,2009-12-20,0.0
3148,2009-12-21,-18.5
3151,2009-12-24,-12.5
3152,2009-12-27,0.0
3153,2009-12-28,11.5
3154,2009-12-29,-13.0
3155,2009-12-30,-10.5
3156,2009-12-31,26.0
3157,2010-01-03,0.0
3158,2010-01-04,5.5
3159,2010-01-05,-0.5
3160,2010-01-06,0.0
3161,2010-01-07,0.0
3162,2010-01-08,-2.5
3163,2010-01-10,0.0
3164,2010-01-11,-9.0
3165,2010-01-12,-12.0
3166,2010-01-13,-13.0
3167,2010-01-14,-4.0
3168,2010-01-15,-9.5
3169,2010-01-17,0.0
3170,2010-01-19,-7.5
3173,2010-01-22,33.0
3174,2010-01-24,0.0
3175,2010-01-25,-4.5
3176,2010-01-26,-4.0
3177,2010-01-27,-10.5
3178,2010-01-28,-9.0
3180,2010-01-31,0.0
3181,2010-02-01,-3.0
3182,2010-02-02,30.5
3183,2010-02-03,-3.0
3184,2010-02-04,-19.0
3185,2010-02-05,-5.5
3186,2010-02-07,0.0
3187,2010-02-08,26.0
3188,2010-02-09,11.5
3189,2010-02-10,-13.0
3190,2010-02-11,3.0
3191,2010-02-12,-10.5
3192,2010-02-14,0.0
3193,2010-02-16,-7.0
3195,2010-02-18,1.0
3196,2010-02-19,-7.5
3197,2010-02-21,0.0
3198,2010-02-22,-16.0
3199,2010-02-23,18.0
3200,2010-02-24,-16.0
3201,2010-02-25,-15.0
3202,2010-02-26,5.0
3203,2010-02-28,0.0
3204,2010-03-01,3.5
3205,2010-03-02,-13.5
3206,2010-03-03,-22.5
3207,2010-03-04,-10.0
3208,2010-03-05,-9.5
3209,2010-03-07,0.0
3210,2010-03-08,-12.0
3211,2010-03-09,6.0
3212,2010-03-10,-28.5
3213,2010-03-11,-5.5
3214,2010-03-12,-6.0
3215,2010-03-14,6.5
3216,2010-03-14,6.5
3217,2010-03-14,6.5
3218,2010-03-14,6.5
3219,2010-03-15,10.5
3220,2010-03-16,1.0
3221,2010-03-17,1.0
3222,2010-03-18,12.0
3223,2010-03-20,0.0
3224,2010-03-21,13.0
3225,2010-03-22,-8.5
3226,2010-03-23,-11.5
3227,2010-03-24,-22.0
3228,2010-03-25,-1.0
3229,2010-03-27,0.0
3230,2010-03-28,-6.5
3231,2010-03-29,21.0
3233,2010-03-31,20.5
3234,2010-04-03,0.0
3235,2010-04-04,27.5
3236,2010-04-05,32.5
3237,2010-04-06,-3.0
3238,2010-04-07,7.0
3239,2010-04-08,17.0
3240,2010-04-10,0.0
3241,2010-04-11,-7.5
3242,2010-04-12,-9.5
3243,2010-04-13,-13.5
3244,2010-04-14,-4.5
3245,2010-04-15,-10.5
3246,2010-04-17,0.0
3247,2010-04-18,-20.0
3248,2010-04-19,-20.5
3249,2010-04-20,5.5
3250,2010-04-21,-11.5
3251,2010-04-22,8.5
3252,2010-04-24,0.0
3253,2010-04-25,-2.0
3254,2010-04-26,-29.0
3255,2010-04-27,-16.0
3256,2010-04-28,30.0
3257,2010-04-29,-10.5
3258,2010-05-01,0.0
3259,2010-05-02,-3.5
3260,2010-05-03,-8.5
3261,2010-05-04,-15.0
3262,2010-05-05,-24.0
3263,2010-05-06,-6.5
3264,2010-05-08,0.0
3265,2010-05-09,-2.0
3266,2010-05-10,3.0
3267,2010-05-11,-4.5
3268,2010-05-12,-11.0
3269,2010-05-13,-13.5
3270,2010-05-15,0.0
3271,2010-05-16,-19.0
3272,2010-05-17,-4.5
3273,2010-05-18,30.0
3274,2010-05-19,6.5
3275,2010-05-20,18.5
3276,2010-05-22,0.0
3277,2010-05-23,-14.0
3279,2010-05-25,-0.5
3280,2010-05-26,-1.0
3281,2010-05-27,-5.0
3282,2010-05-29,0.0
3283,2010-05-31,-7.5
3285,2010-06-02,-19.0
3286,2010-06-03,-14.5
3287,2010-06-05,0.0
3288,2010-06-06,6.5
3289,2010-06-07,-12.5
3290,2010-06-08,-22.0
3291,2010-06-09,33.5
3292,2010-06-10,13.0
3293,2010-06-12,0.0
3294,2010-06-13,12.0
3295,2010-06-14,-19.5
3296,2010-06-15,23.5
3297,2010-06-16,-6.0
3298,2010-06-17,6.5
3299,2010-06-19,0.0
3301,2010-06-21,5.5
3302,2010-06-22,-23.5
3304,2010-06-24,-19.0
3305,2010-06-26,0.0
3306,2010-06-27,-6.5
3307,2010-06-28,-15.0
3309,2010-06-30,15.5
3310,2010-07-01,-3.5
3311,2010-07-03,0.0
3312,2010-07-05,1.5
3313,2010-07-06,12.0
3314,2010-07-07,-12.0
3315,2010-07-08,0.0
3316,2010-07-10,0.0
3317,2010-07-11,0.0
3318,2010-07-12,7.0
3319,2010-07-13,0.0
3320,2010-07-14,-2.5
3321,2010-07-15,2.5
3322,2010-07-17,0.0
3323,2010-07-18,13.0
3324,2010-07-19,-12.0
3325,2010-07-20,9.5
3326,2010-07-21,15.0
3327,2010-07-22,10.0
3328,2010-07-24,0.0
3329,2010-07-25,-15.0
3330,2010-07-26,-13.0
3331,2010-07-27,14.5
3332,2010-07-28,0.0
3334,2010-07-31,0.0
3335,2010-08-01,19.0
3336,2010-08-02,5.0
3337,2010-08-03,23.0
3338,2010-08-04,-7.0
3339,2010-08-05,-30.5
3340,2010-08-07,0.0
3341,2010-08-08,-5.5
3342,2010-08-09,18.5
3343,2010-08-10,-14.5
3344,2010-08-11,34.0
3345,2010-08-12,16.0
3346,2010-08-14,0.0
3347,2010-08-15,-15.0
3348,2010-08-16,16.0
3349,2010-08-17,-14.0
3350,2010-08-18,3.0
3351,2010-08-19,12.0
3352,2010-08-21,0.0
3354,2010-08-23,-10.5
3355,2010-08-24,3.0
3356,2010-08-25,10.0
3357,2010-08-26,-16.5
3358,2010-08-28,0.0
3359,2010-08-29,-3.0
3360,2010-08-30,-15.5
3361,2010-08-31,-3.5
3362,2010-09-01,4.5
3363,2010-09-02,22.5
3364,2010-09-06,2.5
3365,2010-09-07,-2.5
3366,2010-09-08,19.0
3367,2010-09-09,5.0
3368,2010-09-11,0.0
3369,2010-09-12,0.5
3370,2010-09-13,17.0
3371,2010-09-14,9.5
3372,2010-09-15,-22.0
3373,2010-09-16,17.0
3374,2010-09-18,0.0
3375,2010-09-19,20.0
3376,2010-09-20,-10.5
3377,2010-09-21,7.5
3378,2010-09-22,-12.0
3379,2010-09-23,31.0
3380,2010-09-25,0.0
3381,2010-09-26,23.5
3382,2010-09-27,0.5
3383,2010-09-28,-9.0
3384,2010-09-29,15.0
3385,2010-09-30,-15.5
3386,2010-10-02,0.0
3387,2010-10-03,-15.0
3388,2010-10-04,29.0
3389,2010-10-05,20.5
3390,2010-10-06,11.5
3392,2010-10-09,0.0
3393,2010-10-10,-31.5
3395,2010-10-12,9.5
3396,2010-10-13,22.5
3397,2010-10-14,0.5
3398,2010-10-16,0.0
3399,2010-10-17,11.5
3400,2010-10-18,-15.5
3402,2010-10-20,6.0
3403,2010-10-21,11.5
3404,2010-10-23,0.0
3406,2010-10-25,17.5
3407,2010-10-26,11.0
3408,2010-10-27,-8.0
3409,2010-10-28,-27.5
3410,2010-10-30,0.0
3412,2010-11-01,22.5
3413,2010-11-02,9.0
3414,2010-11-03,24.0
3415,2010-11-04,10.5
3416,2010-11-06,0.0
3417,2010-11-08,13.5
3418,2010-11-09,-13.5
3419,2010-11-10,-18.0
3420,2010-11-11,-9.5
3421,2010-11-12,-21.0
3422,2010-11-14,0.0
3423,2010-11-15,-17.5
3425,2010-11-17,17.5
3426,2010-11-18,34.0
3427,2010-11-19,9.5
3428,2010-11-21,0.0
3429,2010-11-22,-17.5
3431,2010-11-24,15.0
3432,2010-11-26,-17.5
3433,2010-11-28,0.0
3434,2010-11-29,0.0
3437,2010-12-02,0.5
3438,2010-12-03,25.0
3439,2010-12-05,0.0
3440,2010-12-06,-11.0
3442,2010-12-08,-4.5
3443,2010-12-09,-6.0
3444,2010-12-10,3.0
3445,2010-12-12,0.0
3446,2010-12-13,31.0
3447,2010-12-14,-25.5
3448,2010-12-15,10.5
3449,2010-12-16,-23.0
3450,2010-12-17,-3.5
3451,2010-12-19,0.0
3452,2010-12-20,9.5
3453,2010-12-21,-14.0
3454,2010-12-22,-17.5
3455,2010-12-23,-8.0
3456,2010-12-26,0.0
3457,2010-12-27,-10.0
3458,2010-12-28,-15.5
3460,2010-12-30,-3.5
3461,2010-12-31,28.0
3462,2011-01-02,0.0
3463,2011-01-03,15.5
3464,2011-01-04,-30.5
3465,2011-01-05,13.0
3466,2011-01-06,0.0
3467,2011-01-07,1.0
3468,2011-01-09,0.0
3469,2011-01-10,-1.5
3471,2011-01-12,-27.5
3472,2011-01-13,-7.0
3473,2011-01-14,0.0
3474,2011-01-16,0.0
3476,2011-01-19,15.5
3477,2011-01-20,6.0
3478,2011-01-21,18.0
3479,2011-01-23,0.0
3480,2011-01-24,29.0
3483,2011-01-27,-11.5
3484,2011-01-28,-7.5
3485,2011-01-30,0.0
3488,2011-02-02,2.5
3491,2011-02-06,0.0
3492,2011-02-07,-28.0
3493,2011-02-08,28.0
3495,2011-02-10,3.5
3496,2011-02-11,-23.5
3497,2011-02-13,0.0
3498,2011-02-14,-17.0
3500,2011-02-16,-18.0
3502,2011-02-18,-33.0
3503,2011-02-20,0.0
3506,2011-02-24,-4.5
3508,2011-02-27,0.0
3509,2011-02-28,-14.0
3510,2011-03-01,-9.0
3511,2011-03-02,-27.0
3512,2011-03-03,-13.0
3513,2011-03-04,-8.0
3514,2011-03-06,0.0
3515,2011-03-07,0.0
3516,2011-03-08,2.5
3517,2011-03-09,-4.0
3518,2011-03-10,-31.0
3519,2011-03-11,5.5
3520,2011-03-13,29.0
3521,2011-03-13,29.0
3522,2011-03-13,29.0
3523,2011-03-13,29.0
3525,2011-03-15,-11.0
3527,2011-03-17,32.0
3528,2011-03-19,0.0
3529,2011-03-20,14.5
3530,2011-03-21,8.0
3531,2011-03-22,22.5
3532,2011-03-23,16.0
3533,2011-03-24,18.0
3534,2011-03-26,0.0
3536,2011-03-28,-0.5
3537,2011-03-29,-7.5
3538,2011-03-30,19.0
3539,2011-03-31,-17.5
3540,2011-04-02,0.0
3541,2011-04-03,9.5
3542,2011-04-04,16.0
3543,2011-04-05,-3.0
3545,2011-04-07,9.0
3546,2011-04-09,0.0
3547,2011-04-10,0.0
3549,2011-04-12,22.5
3550,2011-04-13,4.5
3551,2011-04-14,-3.5
3552,2011-04-16,0.0
3553,2011-04-17,-4.5
3554,2011-04-18,5.0
3555,2011-04-19,23.5
3556,2011-04-20,9.0
3557,2011-04-23,0.0
3559,2011-04-25,-5.5
3560,2011-04-26,-11.5
3561,2011-04-27,-3.0
3563,2011-04-30,0.0
3564,2011-05-01,-1.5
3565,2011-05-02,29.5
3568,2011-05-05,0.0
3569,2011-05-07,0.0
3570,2011-05-08,-21.5
3571,2011-05-09,0.0
3573,2011-05-11,0.0
3574,2011-05-12,0.0
3575,2011-05-14,0.0
3576,2011-05-15,10.5
3577,2011-05-16,23.0
3579,2011-05-18,5.5
3580,2011-05-19,10.5
3581,2011-05-21,0.0
3582,2011-05-22,-4.0
3583,2011-05-23,9.0
3584,2011-05-24,8.0
3585,2011-05-25,-4.5
3586,2011-05-26,9.5
3587,2011-05-28,0.0
3588,2011-05-30,-4.0
3590,2011-06-01,10.5
3591,2011-06-02,-8.5
3592,2011-06-04,0.0
3593,2011-06-05,24.5
3594,2011-06-06,2.0
3595,2011-06-07,-0.5
3596,2011-06-08,19.0
3597,2011-06-09,-10.5
3598,2011-06-11,0.0
3599,2011-06-12,-23.0
3600,2011-06-13,-26.0
3601,2011-06-14,-17.0
3602,2011-06-15,-20.5
3603,2011-06-16,-8.0
3604,2011-06-18,0.0
3605,2011-06-19,-15.5
3606,2011-06-20,0.5
3607,2011-06-21,-20.0
3608,2011-06-22,11.5
3609,2011-06-23,-16.5
3610,2011-06-25,0.0
3611,2011-06-26,-21.5
3612,2011-06-27,6.5
3613,2011-06-28,-12.5
3615,2011-06-30,-1.0
3616,2011-07-04,5.0
3617,2011-07-05,30.5
3618,2011-07-06,27.5
3619,2011-07-07,-8.0
3620,2011-07-09,0.0
3621,2011-07-10,-18.5
3623,2011-07-12,-3.5
3624,2011-07-13,-6.5
3625,2011-07-14,0.0
3626,2011-07-16,0.0
3627,2011-07-17,-23.5
3628,2011-07-18,-26.5
3629,2011-07-19,21.5
3630,2011-07-20,12.0
3631,2011-07-21,-6.0
3632,2011-07-23,0.0
3634,2011-07-25,11.0
3636,2011-07-27,-31.0
3637,2011-07-28,-23.0
3638,2011-07-30,0.0
3639,2011-07-31,6.0
3640,2011-08-01,10.5
3641,2011-08-02,-9.0
3642,2011-08-03,-13.0
3643,2011-08-04,5.5
3644,2011-08-06,0.0
3645,2011-08-07,-1.0
3647,2011-08-09,4.5
3648,2011-08-10,-2.5
3649,2011-08-11,2.0
3650,2011-08-13,0.0
3651,2011-08-14,30.5
3652,2011-08-15,2.0
3653,2011-08-16,16.0
3654,2011-08-17,-20.5
3655,2011-08-18,-7.5
3656,2011-08-20,0.0
3657,2011-08-21,22.5
3658,2011-08-22,-1.0
3659,2011-08-23,-6.5
3660,2011-08-24,-6.0
3661,2011-08-25,24.0
3662,2011-08-27,0.0
3663,2011-08-28,23.5
3664,2011-08-29,9.0
3665,2011-08-30,25.5
3666,2011-08-31,11.0
3667,2011-09-01,13.5
3668,2011-09-03,0.0
3669,2011-09-05,1.5
3670,2011-09-06,-8.5
3671,2011-09-07,5.5
3673,2011-09-10,0.0
3674,2011-09-11,-8.5
3675,2011-09-12,-15.0
3676,2011-09-13,0.0
3677,2011-09-14,10.5
3678,2011-09-15,0.5
3679,2011-09-17,0.0
3681,2011-09-19,-5.0
3682,2011-09-20,-11.0
3684,2011-09-22,-23.5
3685,2011-09-24,0.0
3687,2011-09-26,17.5
3688,2011-09-27,-12.0
3689,2011-09-28,-21.5
3690,2011-09-29,-13.0
3691,2011-10-01,0.0
3692,2011-10-02,4.0
3693,2011-10-03,-13.5
3694,2011-10-04,9.0
3695,2011-10-05,-10.5
3696,2011-10-06,-28.0
3697,2011-10-08,0.0
3698,2011-10-09,-10.0
3701,2011-10-12,1.0
3702,2011-10-13,22.5
3703,2011-10-15,0.0
3704,2011-10-16,-16.5
3705,2011-10-17,-24.0
3706,2011-10-18,15.0
3707,2011-10-19,-9.5
3708,2011-10-20,3.5
3709,2011-10-22,0.0
3711,2011-10-24,10.5
3712,2011-10-25,-13.0
3713,2011-10-26,10.5
3714,2011-10-27,-17.5
3715,2011-10-29,0.0
3716,2011-10-30,-6.0
3717,2011-10-31,-6.0
3719,2011-11-02,-23.5
3720,2011-11-03,0.0
3721,2011-11-05,0.0
3722,2011-11-07,0.5
3723,2011-11-08,-17.0
3725,2011-11-10,0.0
3726,2011-11-11,8.0
3727,2011-11-13,0.0
3728,2011-11-14,0.0
3729,2011-11-15,0.0
3730,2011-11-16,-27.0
3731,2011-11-17,-23.5
3732,2011-11-18,-6.0
3733,2011-11-20,0.0
3734,2011-11-21,-22.5
3735,2011-11-22,-14.5
3736,2011-11-23,23.5
3737,2011-11-25,-32.5
3738,2011-11-27,0.0
3739,2011-11-28,-11.5
3740,2011-11-29,23.5
3742,2011-12-01,-2.0
3744,2011-12-04,0.0
3745,2011-12-05,-7.5
3746,2011-12-06,14.0
3747,2011-12-07,-34.0
3748,2011-12-08,-16.0
3749,2011-12-09,-20.0
3750,2011-12-11,0.0
3751,2011-12-12,-23.5
3752,2011-12-13,0.0
3753,2011-12-14,-22.5
3754,2011-12-15,-6.0
3755,2011-12-16,-4.5
3756,2011-12-18,0.0
3757,2011-12-19,11.5
3758,2011-12-20,2.0
3759,2011-12-21,17.0
3760,2011-12-22,-13.0
3761,2011-12-23,-10.5
3762,2011-12-25,0.0
3763,2011-12-27,-9.0
3764,2011-12-28,-1.5
3766,2011-12-30,33.0
3767,2012-01-01,0.0
3768,2012-01-03,-28.0
3769,2012-01-04,2.0
3770,2012-01-05,-3.0
3771,2012-01-06,2.5
3772,2012-01-08,0.0
3773,2012-01-09,-10.0
3774,2012-01-10,0.0
3775,2012-01-11,0.0
3776,2012-01-12,-9.5
3777,2012-01-13,1.0
3778,2012-01-15,0.0
3780,2012-01-18,-14.5
3781,2012-01-19,-7.5
3782,2012-01-20,-9.5
3783,2012-01-22,0.0
3784,2012-01-23,12.5
3785,2012-01-24,-6.0
3786,2012-01-25,-4.0
3787,2012-01-26,8.5
3788,2012-01-27,-3.0
3789,2012-01-29,0.0
3790,2012-01-30,-18.0
3792,2012-02-01,-29.5
3793,2012-02-02,-21.0
3794,2012-02-03,15.5
3795,2012-02-05,0.0
3796,2012-02-06,1.5
3797,2012-02-07,17.0
3798,2012-02-08,11.0
3799,2012-02-09,-11.0
3800,2012-02-10,-33.5
3801,2012-02-12,0.0
3803,2012-02-14,21.0
3804,2012-02-15,-5.0
3805,2012-02-16,0.0
3806,2012-02-17,-16.0
3807,2012-02-19,0.0
3809,2012-02-22,9.0
3810,2012-02-23,3.0
3811,2012-02-24,18.0
3812,2012-02-26,0.0
3813,2012-02-27,1.0
3814,2012-02-28,-1.0
3815,2012-02-29,4.0
3816,2012-03-01,-32.0
3817,2012-03-02,29.0
3818,2012-03-04,0.0
3819,2012-03-05,1.0
3820,2012-03-06,0.0
3821,2012-03-07,-6.5
3822,2012-03-08,-11.5
3823,2012-03-09,20.5
3824,2012-03-11,0.0
3825,2012-03-11,0.0
3826,2012-03-11,0.0
3827,2012-03-11,0.0
3828,2012-03-12,0.5
3829,2012-03-13,0.0
3831,2012-03-15,19.5
3832,2012-03-17,0.0
3833,2012-03-18,10.0
3834,2012-03-19,-27.5
3835,2012-03-20,4.0
3836,2012-03-21,3.0
3837,2012-03-22,16.0
3838,2012-03-24,0.0
3839,2012-03-25,17.0
3840,2012-03-26,33.5
3842,2012-03-28,19.0
3843,2012-03-29,-17.0
3844,2012-03-31,0.0
3845,2012-04-01,18.5
3846,2012-04-02,6.0
3847,2012-04-03,-2.5
3848,2012-04-04,14.5
3849,2012-04-07,0.0
3850,2012-04-08,-17.0
3851,2012-04-09,0.0
3852,2012-04-10,7.5
3854,2012-04-12,-5.5
3855,2012-04-14,0.0
3856,2012-04-15,10.0
3857,2012-04-16,16.5
3858,2012-04-17,-2.0
3859,2012-04-18,-16.0
3860,2012-04-19,18.5
3861,2012-04-21,0.0
3862,2012-04-22,25.0
3863,2012-04-23,4.5
3864,2012-04-24,16.5
3865,2012-04-25,-31.5
3866,2012-04-26,-27.5
3867,2012-04-28,0.0
3868,2012-04-29,-3.5
3869,2012-04-30,-1.5
3870,2012-05-01,0.0
3871,2012-05-02,19.5
3872,2012-05-03,19.0
3873,2012-05-05,0.0
3874,2012-05-06,0.0
3875,2012-05-07,0.5
3876,2012-05-08,0.0
3877,2012-05-09,0.0
3878,2012-05-10,2.5
3879,2012-05-12,0.0
3880,2012-05-13,0.0
3881,2012-05-14,-9.5
3882,2012-05-15,-26.5
3883,2012-05-16,12.0
3884,2012-05-17,-8.5
3885,2012-05-19,0.0
3886,2012-05-20,25.0
3887,2012-05-21,-16.5
3888,2012-05-22,-24.0
3889,2012-05-23,-16.5
3891,2012-05-26,0.0
3892,2012-05-28,-28.5
3893,2012-05-29,-8.0
3894,2012-05-30,-3.0
3895,2012-05-31,-16.5
3896,2012-06-02,0.0
3897,2012-06-03,-28.0
3898,2012-06-04,3.5
3899,2012-06-05,23.5
3900,2012-06-06,13.0
3901,2012-06-07,-20.0
3902,2012-06-09,0.0
3903,2012-06-10,-2.5
3904,2012-06-11,8.5
3905,2012-06-12,-23.0
3906,2012-06-13,9.5
3907,2012-06-14,-17.5
3908,2012-06-16,0.0
3909,2012-06-17,-3.0
3911,2012-06-19,-1.5
3912,2012-06-20,-6.5
3913,2012-06-21,20.5
3914,2012-06-23,0.0
3915,2012-06-24,12.0
3916,2012-06-25,9.5
3917,2012-06-26,-8.5
3918,2012-06-27,-13.5
3919,2012-06-28,-28.5
3920,2012-06-30,0.0
3921,2012-07-01,9.0
3922,2012-07-03,10.5
3923,2012-07-04,2.0
3924,2012-07-05,1.0
3925,2012-07-07,0.0
3926,2012-07-08,10.5
3927,2012-07-09,20.0
3929,2012-07-11,-1.5
3930,2012-07-12,0.0
3931,2012-07-14,0.0
3933,2012-07-16,-7.0
3934,2012-07-17,-0.5
3935,2012-07-18,-6.0
3936,2012-07-19,10.0
3937,2012-07-21,0.0
3938,2012-07-22,-9.5
3939,2012-07-23,-25.5
3940,2012-07-24,30.0
3941,2012-07-25,-12.0
3942,2012-07-26,22.5
3943,2012-07-28,0.0
3944,2012-07-29,23.5
3945,2012-07-30,-2.5
3946,2012-07-31,1.0
3947,2012-08-01,24.0
3948,2012-08-02,14.5
3949,2012-08-05,2.5
3950,2012-08-06,-12.5
3951,2012-08-07,-2.5
3952,2012-08-08,24.0
3953,2012-08-09,5.5
3954,2012-08-11,0.0
3955,2012-08-12,-24.0
3957,2012-08-14,-17.0
3958,2012-08-15,8.0
3959,2012-08-16,9.5
3960,2012-08-18,0.0
3961,2012-08-19,23.0
3962,2012-08-20,14.5
3963,2012-08-21,-8.5
3964,2012-08-22,-7.5
3965,2012-08-23,-1.0
3966,2012-08-25,0.0
3967,2012-08-26,-11.0
3968,2012-08-27,10.0
3969,2012-08-28,-11.5
3971,2012-08-30,-4.0
3972,2012-09-01,0.0
3973,2012-09-03,-6.0
3974,2012-09-04,-16.0
3975,2012-09-05,-16.0
3976,2012-09-06,30.5
3977,2012-09-08,0.0
3978,2012-09-09,-20.0
3979,2012-09-10,0.0
3980,2012-09-11,0.0
3981,2012-09-12,14.0
3982,2012-09-13,0.0
3983,2012-09-15,0.0
3984,2012-09-16,-1.0
3985,2012-09-17,-31.5
3986,2012-09-18,16.0
3987,2012-09-19,2.0
3988,2012-09-20,6.0
3989,2012-09-22,0.0
3990,2012-09-23,-5.5
3991,2012-09-24,-26.0
3992,2012-09-25,10.5
3993,2012-09-26,21.5
3994,2012-09-27,31.5
3995,2012-09-29,0.0
3996,2012-09-30,-19.5
3997,2012-10-01,16.5
3998,2012-10-02,-4.0
3999,2012-10-03,16.0
4000,2012-10-04,-19.5
4001,2012-10-06,0.0
4002,2012-10-07,27.5
4003,2012-10-08,-12.0
4004,2012-10-09,-21.0
4005,2012-10-10,-5.5
4006,2012-10-11,4.5
4007,2012-10-13,0.0
4008,2012-10-14,-1.0
4009,2012-10-15,-12.0
4010,2012-10-16,28.5
4011,2012-10-17,-19.5
4012,2012-10-18,7.0
4013,2012-10-20,0.0
4014,2012-10-21,-15.0
4015,2012-10-22,7.5
4016,2012-10-23,7.0
4017,2012-10-24,-8.5
4018,2012-10-25,-11.5
4019,2012-10-27,0.0
4020,2012-10-30,11.5
4021,2012-10-31,-12.5
4022,2012-11-01,-6.0
4023,2012-11-03,0.0
4024,2012-11-05,18.5
4025,2012-11-06,0.0
4026,2012-11-07,0.0
4027,2012-11-08,0.0
4028,2012-11-09,12.0
4029,2012-11-11,0.0
4030,2012-11-12,0.0
4031,2012-11-13,0.0
4032,2012-11-14,0.0
4033,2012-11-15,20.0
4034,2012-11-16,-3.5
4035,2012-11-18,0.0
4036,2012-11-19,-2.5
4037,2012-11-20,10.5
4038,2012-11-21,-4.0
4039,2012-11-23,20.0
4040,2012-11-25,0.0
4041,2012-11-26,-14.0
4042,2012-11-27,16.5
4043,2012-11-28,12.5
4044,2012-11-29,-7.0
4045,2012-11-30,13.0
4046,2012-12-02,0.0
4047,2012-12-03,11.5
4048,2012-12-04,6.5
4049,2012-12-05,15.5
4050,2012-12-06,-23.5
4051,2012-12-07,-3.5
4052,2012-12-09,0.0
4053,2012-12-10,20.0
4054,2012-12-11,8.0
4055,2012-12-12,-14.0
4056,2012-12-13,18.0
4057,2012-12-14,-6.0
4058,2012-12-16,0.0
4059,2012-12-17,-17.5
4060,2012-12-18,-19.5
4061,2012-12-19,-1.5
4062,2012-12-20,4.5
4063,2012-12-21,-10.0
4064,2012-12-23,0.0
4065,2012-12-24,14.0
4066,2012-12-26,-16.5
4067,2012-12-27,-15.0
4068,2012-12-28,-3.5
4069,2012-12-30,0.0
4070,2012-12-31,-9.0
4071,2013-01-02,-4.5
4072,2013-01-03,3.0
4073,2013-01-04,6.0
4074,2013-01-06,0.0
4075,2013-01-07,0.0
4076,2013-01-08,0.0
4077,2013-01-09,0.0
4078,2013-01-10,-17.0
4079,2013-01-11,18.5
4080,2013-01-13,0.0
4081,2013-01-14,0.0
4082,2013-01-15,-2.0
4083,2013-01-16,13.0
4084,2013-01-17,9.0
4085,2013-01-18,-8.0
4086,2013-01-20,0.0
4087,2013-01-22,24.0
4088,2013-01-23,-7.5
4089,2013-01-24,-2.0
4090,2013-01-25,14.5
4091,2013-01-27,0.0
4092,2013-01-28,-13.0
4093,2013-01-29,17.5
4094,2013-01-30,-7.5
4095,2013-01-31,8.0
4096,2013-02-01,6.5
4097,2013-02-03,0.0
4099,2013-02-05,31.0
4100,2013-02-06,10.0
4101,2013-02-07,0.0
4102,2013-02-08,24.5
4103,2013-02-10,0.0
4105,2013-02-12,-24.5
4106,2013-02-13,16.5
4107,2013-02-14,-15.5
4108,2013-02-15,10.5
4109,2013-02-17,0.0
4110,2013-02-19,12.5
4111,2013-02-20,9.5
4112,2013-02-21,-15.5
4113,2013-02-22,-23.0
4114,2013-02-24,0.0
4115,2013-02-25,-17.0
4116,2013-02-26,6.0
4117,2013-02-27,9.5
4118,2013-02-28,5.0
4119,2013-03-01,-15.0
4120,2013-03-03,0.0
4121,2013-03-04,-10.5
4122,2013-03-05,-22.0
4123,2013-03-06,0.0
4124,2013-03-07,0.0
4125,2013-03-08,-3.0
4126,2013-03-10,0.0
4127,2013-03-10,0.0
4128,2013-03-10,0.0
4129,2013-03-10,0.0
4130,2013-03-11,-28.0
4132,2013-03-13,0.0
4133,2013-03-14,10.0
4134,2013-03-16,0.0
4135,2013-03-17,-12.0
4136,2013-03-18,18.0
4137,2013-03-19,-10.0
4138,2013-03-20,13.5
4139,2013-03-21,9.5
4140,2013-03-23,0.0
4141,2013-03-24,-3.5
4142,2013-03-25,9.5
4143,2013-03-26,33.0
4144,2013-03-27,3.0
4145,2013-03-28,0.0
4146,2013-03-30,0.0
4147,2013-03-31,-2.5
4149,2013-04-02,-13.0
4150,2013-04-03,-3.5
4151,2013-04-04,-20.0
4152,2013-04-06,0.0
4153,2013-04-07,13.0
4154,2013-04-08,12.5
4155,2013-04-09,-2.5
4156,2013-04-10,4.0
4157,2013-04-11,1.5
4158,2013-04-13,0.0
4160,2013-04-15,12.0
4161,2013-04-16,-7.5
4162,2013-04-17,-18.5
4163,2013-04-18,-17.0
4164,2013-04-20,0.0
4165,2013-04-21,-13.0
4166,2013-04-22,-4.0
4167,2013-04-23,-13.5
4168,2013-04-24,-10.0
4169,2013-04-25,-5.5
4170,2013-04-27,0.0
4171,2013-04-28,-14.0
4172,2013-04-29,11.0
4173,2013-04-30,16.5
4174,2013-05-01,5.5
4175,2013-05-02,0.0
4176,2013-05-04,0.0
4177,2013-05-05,4.0
4178,2013-05-06,0.0
4179,2013-05-07,0.0
4180,2013-05-08,0.0
4181,2013-05-09,0.0
4182,2013-05-11,0.0
4183,2013-05-12,-5.5
4184,2013-05-13,0.0
4185,2013-05-14,-10.0
4186,2013-05-15,6.5
4187,2013-05-16,-3.0
4188,2013-05-18,0.0
4189,2013-05-19,-12.0
4190,2013-05-20,-0.5
4191,2013-05-21,13.0
4192,2013-05-22,17.5
4193,2013-05-23,18.5
4194,2013-05-25,0.0
4196,2013-05-28,14.0
4197,2013-05-29,-29.5
4198,2013-05-30,9.5
4199,2013-06-02,14.0
4200,2013-06-03,2.0
4201,2013-06-04,25.0
4202,2013-06-05,11.0
4203,2013-06-06,5.0
4204,2013-06-08,0.0
4205,2013-06-09,15.5
4206,2013-06-10,18.0
4207,2013-06-11,13.5
4208,2013-06-12,30.0
4209,2013-06-13,-2.0
4210,2013-06-15,0.0
4211,2013-06-16,-4.0
4212,2013-06-17,-5.5
4213,2013-06-18,3.0
4214,2013-06-19,-19.0
4215,2013-06-20,-10.0
4216,2013-06-22,0.0
4217,2013-06-23,-26.5
4218,2013-06-24,-1.0
4219,2013-06-25,7.5
4220,2013-06-26,-19.5
4221,2013-06-27,24.0
4222,2013-06-29,0.0
4223,2013-06-30,-5.0
4224,2013-07-01,-19.0
4225,2013-07-03,0.0
4226,2013-07-04,2.5
4227,2013-07-06,0.0
4228,2013-07-07,0.0
4229,2013-07-08,0.0
4230,2013-07-09,-13.0
4231,2013-07-10,-14.5
4232,2013-07-11,0.0
4233,2013-07-13,0.0
4234,2013-07-14,-3.5
4235,2013-07-15,10.0
4236,2013-07-16,1.0
4237,2013-07-17,7.5
4238,2013-07-18,13.5
4239,2013-07-20,0.0
4240,2013-07-21,-1.5
4241,2013-07-22,30.0
4242,2013-07-23,16.5
4243,2013-07-24,-17.5
4244,2013-07-25,18.5
4245,2013-07-27,0.0
4246,2013-07-28,5.0
4247,2013-07-29,5.5
4248,2013-07-30,-7.5
4249,2013-07-31,7.5
4250,2013-08-01,-2.0
4251,2013-08-03,0.0
4252,2013-08-04,-3.0
4253,2013-08-05,-4.5
4255,2013-08-07,-9.0
4256,2013-08-08,-12.5
4257,2013-08-10,0.0
4258,2013-08-11,-24.0
4259,2013-08-12,-4.5
4260,2013-08-13,15.0
4261,2013-08-14,13.5
4262,2013-08-15,13.0
4263,2013-08-17,0.0
4264,2013-08-18,-6.0
4265,2013-08-19,27.0
4266,2013-08-20,-12.0
4267,2013-08-21,0.5
4268,2013-08-22,19.5
4269,2013-08-24,0.0
4271,2013-08-26,26.5
4272,2013-08-27,29.5
4274,2013-08-29,-21.5
4275,2013-08-31,0.0
4276,2013-09-02,-6.0
4277,2013-09-03,-14.5
4278,2013-09-04,3.5
4279,2013-09-05,-10.0
4280,2013-09-07,0.0
4281,2013-09-08,5.5
4282,2013-09-09,10.5
4283,2013-09-10,11.0
4284,2013-09-11,4.0
4285,2013-09-12,4.5
4286,2013-09-14,0.0
4287,2013-09-15,14.0
4288,2013-09-16,-9.0
4289,2013-09-17,9.5
4290,2013-09-18,2.0
4291,2013-09-19,-12.5
4292,2013-09-21,0.0
4293,2013-09-22,-4.5
4294,2013-09-23,-6.0
4295,2013-09-24,-1.0
4296,2013-09-25,-16.0
4297,2013-09-26,6.0
4298,2013-09-28,0.0
4299,2013-09-29,-26.0
4300,2013-09-30,-10.5
4301,2013-10-01,-1.0
4302,2013-10-02,-9.5
4303,2013-10-03,-5.5
4304,2013-10-05,0.0
4305,2013-10-06,-10.5
4306,2013-10-07,-1.5
4308,2013-10-09,20.5
4309,2013-10-10,-9.0
4310,2013-10-12,0.0
4311,2013-10-13,0.5
4313,2013-10-15,-0.5
4314,2013-10-16,3.5
4315,2013-10-17,-16.0
4316,2013-10-19,0.0
4317,2013-10-20,-3.0
4318,2013-10-21,5.0
4319,2013-10-22,17.5
4320,2013-10-23,8.5
4321,2013-10-24,1.5
4322,2013-10-26,0.0
4323,2013-10-27,-23.0
4324,2013-10-28,24.5
4325,2013-10-29,-27.5
4326,2013-10-30,-22.5
4327,2013-10-31,12.0
4328,2013-11-02,0.0
4329,2013-11-04,0.0
4330,2013-11-05,7.5
4331,2013-11-06,19.5
4332,2013-11-07,9.5
4333,2013-11-08,0.0
4334,2013-11-10,0.0
4335,2013-11-11,-20.5
4336,2013-11-12,0.0
4337,2013-11-13,0.0
4338,2013-11-14,0.0
4339,2013-11-15,-3.5
4340,2013-11-17,0.0
4341,2013-11-18,10.5
4342,2013-11-19,6.5
4343,2013-11-20,-14.0
4344,2013-11-21,16.0
4345,2013-11-22,-7.0
4346,2013-11-24,0.0
4347,2013-11-25,9.0
4348,2013-11-26,-5.0
4349,2013-11-27,12.5
4350,2013-11-29,15.0
4351,2013-12-01,0.0
4352,2013-12-02,-2.0
4353,2013-12-03,4.0
4354,2013-12-04,0.5
4355,2013-12-05,-23.5
4356,2013-12-06,-10.0
4357,2013-12-08,0.0
4358,2013-12-09,-3.5
4359,2013-12-10,4.0
4360,2013-12-11,-7.5
4361,2013-12-12,-4.5
4362,2013-12-13,9.5
4363,2013-12-15,0.0
4364,2013-12-16,-7.5
4365,2013-12-17,-6.5
4366,2013-12-18,-21.0
4367,2013-12-19,7.0
4368,2013-12-20,19.5
4369,2013-12-22,0.0
4370,2013-12-23,-1.5
4371,2013-12-24,11.0
4372,2013-12-26,-8.0
4373,2013-12-27,4.0
4374,2013-12-29,0.0
4375,2013-12-30,4.0
4376,2013-12-31,-1.0
4377,2014-01-02,25.5
4378,2014-01-03,-3.5
4379,2014-01-05,0.0
4380,2014-01-06,-1.5
4381,2014-01-07,-22.5
4382,2014-01-08,0.0
4383,2014-01-09,0.0
4384,2014-01-10,-8.5
4385,2014-01-12,0.0
4386,2014-01-13,-6.5
4387,2014-01-14,0.0
4388,2014-01-15,17.5
4389,2014-01-16,-2.0
4390,2014-01-17,4.5
4391,2014-01-19,0.0
4392,2014-01-21,-10.0
4393,2014-01-22,5.0
4394,2014-01-23,-6.5
4395,2014-01-24,-2.5
4396,2014-01-26,0.0
4397,2014-01-27,4.0
4398,2014-01-28,5.5
4399,2014-01-29,-7.0
4400,2014-01-30,-6.5
4401,2014-01-31,-2.5
4402,2014-02-02,0.0
4403,2014-02-03,-9.0
4404,2014-02-04,7.0
4405,2014-02-05,-4.0
4406,2014-02-06,6.0
4407,2014-02-07,-5.5
4408,2014-02-09,0.0
4409,2014-02-10,19.5
4410,2014-02-11,1.5
4411,2014-02-12,10.0
4412,2014-02-13,6.5
4413,2014-02-14,-10.5
4414,2014-02-16,0.0
4415,2014-02-18,27.5
4416,2014-02-19,-3.5
4417,2014-02-20,-4.0
4418,2014-02-21,-5.5
4419,2014-02-23,0.0
4420,2014-02-24,28.0
4421,2014-02-25,-27.5
4422,2014-02-26,-8.0
4423,2014-02-27,-17.0
4424,2014-02-28,-18.0
4425,2014-03-02,0.0
4426,2014-03-03,1.0
4427,2014-03-04,6.0
4428,2014-03-05,6.0
4429,2014-03-06,0.5
4430,2014-03-07,4.0
4431,2014-03-09,0.0
4432,2014-03-09,0.0
4433,2014-03-09,0.0
4434,2014-03-09,0.0
4435,2014-03-10,13.0
4436,2014-03-11,3.5
4437,2014-03-12,-3.0
4438,2014-03-13,7.0
4439,2014-03-15,0.0
4440,2014-03-16,15.0
4441,2014-03-17,-10.0
4442,2014-03-18,7.5
4443,2014-03-19,5.0
4444,2014-03-20,-13.0
4445,2014-03-22,0.0
4446,2014-03-23,13.0
4447,2014-03-24,-17.0
4448,2014-03-25,3.0
4449,2014-03-26,10.5
4450,2014-03-27,8.5
4451,2014-03-29,0.0
4452,2014-03-30,12.0
4453,2014-03-31,9.0
4454,2014-04-01,-2.5
4455,2014-04-02,8.0
4456,2014-04-03,8.5
4457,2014-04-05,0.0
4458,2014-04-06,-13.0
4459,2014-04-07,2.5
4460,2014-04-08,-7.5
4461,2014-04-09,13.5
4462,2014-04-10,7.5
4463,2014-04-12,0.0
4464,2014-04-13,-29.0
4465,2014-04-14,-8.0
4466,2014-04-15,1.0
4467,2014-04-16,-5.0
4468,2014-04-19,0.0
4469,2014-04-20,-14.5
4470,2014-04-21,0.0
4471,2014-04-22,-0.5
4472,2014-04-23,15.5
4473,2014-04-24,2.5
4474,2014-04-26,0.0
4475,2014-04-27,2.5
4476,2014-04-28,21.5
4477,2014-04-29,6.0
4478,2014-04-30,3.5
4479,2014-05-01,-8.0
4480,2014-05-03,0.0
4481,2014-05-04,0.0
4482,2014-05-05,0.0
4483,2014-05-06,0.0
4484,2014-05-07,-9.5
4485,2014-05-08,2.0
4486,2014-05-10,0.0
4487,2014-05-11,0.0
4488,2014-05-12,-7.5
4489,2014-05-13,0.5
4490,2014-05-14,10.0
4491,2014-05-15,2.5
4492,2014-05-17,0.0
4493,2014-05-18,-10.0
4494,2014-05-19,-4.0
4495,2014-05-20,-5.0
4496,2014-05-21,3.0
4497,2014-05-22,-7.5
4498,2014-05-24,0.0
4499,2014-05-26,-14.0
4500,2014-05-27,-2.5
4501,2014-05-28,3.0
4502,2014-05-29,-2.5
4503,2014-05-31,0.0
4504,2014-06-01,-13.5
4505,2014-06-02,-30.0
4507,2014-06-04,-14.0
4508,2014-06-05,8.0
4509,2014-06-07,0.0
4510,2014-06-08,4.5
4511,2014-06-09,-11.0
4512,2014-06-10,6.5
4513,2014-06-11,29.0
4514,2014-06-12,11.0
4515,2014-06-14,0.0
4516,2014-06-15,15.5
4517,2014-06-16,3.0
4518,2014-06-17,15.5
4519,2014-06-18,-11.0
4520,2014-06-19,-9.0
4521,2014-06-21,0.0
4522,2014-06-22,2.5
4523,2014-06-23,14.0
4524,2014-06-24,3.0
4525,2014-06-25,-6.5
4526,2014-06-26,-26.0
4527,2014-06-28,0.0
4528,2014-06-29,-0.5
4529,2014-06-30,-14.0
4530,2014-07-01,-34.0
4532,2014-07-06,0.5
4533,2014-07-07,0.0
4535,2014-07-09,0.0
4537,2014-07-12,0.0
4539,2014-07-14,-6.5
4540,2014-07-15,9.0
4541,2014-07-16,26.0
4542,2014-07-17,-14.5
4543,2014-07-19,0.0
4544,2014-07-20,-15.0
4545,2014-07-21,18.5
4546,2014-07-22,-3.0
4547,2014-07-23,-1.5
4548,2014-07-24,-15.0
4549,2014-07-26,0.0
4550,2014-07-27,-2.0
4551,2014-07-28,21.0
4552,2014-07-29,-21.5
4553,2014-07-30,2.0
4554,2014-07-31,-17.0
4555,2014-08-02,0.0
4556,2014-08-03,3.0
4557,2014-08-04,-17.5
4558,2014-08-05,-2.5
4559,2014-08-06,10.5
4560,2014-08-07,-8.0
4561,2014-08-09,0.0
4562,2014-08-10,-2.0
4563,2014-08-11,2.5
4564,2014-08-12,-1.0
4565,2014-08-13,19.0
4566,2014-08-14,5.5
4567,2014-08-16,0.0
4568,2014-08-17,24.5
4569,2014-08-18,-1.0
4570,2014-08-19,1.0
4571,2014-08-20,-27.0
4572,2014-08-21,-0.5
4573,2014-08-23,0.0
4574,2014-08-24,14.5
4575,2014-08-25,-7.5
4576,2014-08-26,-3.5
4577,2014-08-27,-14.0
4578,2014-08-28,-8.5
4579,2014-08-30,0.0
4580,2014-09-01,-5.5
4581,2014-09-02,-9.0
4582,2014-09-03,-1.0
4583,2014-09-04,-3.5
4584,2014-09-06,0.0
4585,2014-09-07,-3.0
4586,2014-09-08,-8.5
4587,2014-09-09,-3.0
4588,2014-09-10,-9.5
4589,2014-09-11,0.0
4590,2014-09-13,0.0
4591,2014-09-14,-2.0
4592,2014-09-15,-3.0
4593,2014-09-16,-18.5
4594,2014-09-17,10.0
4595,2014-09-18,5.5
4596,2014-09-20,0.0
4597,2014-09-21,-14.5
4598,2014-09-22,9.5
4599,2014-09-23,4.5
4600,2014-09-24,3.5
4601,2014-09-25,11.5
4602,2014-09-27,0.0
4603,2014-09-28,-6.0
4604,2014-09-29,0.5
4605,2014-09-30,-11.0
4606,2014-10-01,-6.0
4607,2014-10-02,3.5
4608,2014-10-04,0.0
4609,2014-10-05,14.0
4610,2014-10-06,5.5
4611,2014-10-07,-8.5
4612,2014-10-08,-2.5
4613,2014-10-09,1.5
4614,2014-10-11,0.0
4615,2014-10-12,7.5
4616,2014-10-13,9.0
4617,2014-10-14,-12.5
4618,2014-10-15,-1.5
4619,2014-10-16,3.0
4620,2014-10-18,0.0
4621,2014-10-19,-8.5
4622,2014-10-20,5.0
4623,2014-10-21,-4.0
4624,2014-10-22,-19.0
4625,2014-10-23,8.5
4626,2014-10-25,0.0
4627,2014-10-26,-14.5
4628,2014-10-27,-19.5
4629,2014-10-28,13.0
4630,2014-10-29,-13.5
4631,2014-10-30,1.0
4632,2014-11-01,0.0
4633,2014-11-03,0.5
4634,2014-11-04,11.5
4635,2014-11-05,-1.5
4636,2014-11-06,-32.0
4637,2014-11-07,0.0
4638,2014-11-09,0.0
4639,2014-11-10,0.0
4640,2014-11-11,1.0
4641,2014-11-12,0.0
4642,2014-11-13,0.0
4643,2014-11-14,0.0
4644,2014-11-16,0.0
4645,2014-11-17,-2.5
4646,2014-11-18,9.0
4648,2014-11-20,17.5
4649,2014-11-21,5.0
4650,2014-11-23,0.0
4651,2014-11-24,-15.0
4652,2014-11-25,-3.0
4653,2014-11-26,-7.5
4654,2014-11-28,5.5
4655,2014-11-30,0.0
4656,2014-12-01,-15.5
4657,2014-12-02,4.5
4658,2014-12-03,-3.5
4659,2014-12-04,-2.0
4660,2014-12-05,-3.5
4661,2014-12-07,0.0
4662,2014-12-08,-1.0
4663,2014-12-09,27.5
4664,2014-12-10,-1.5
4665,2014-12-11,-15.5
4666,2014-12-12,26.5
4667,2014-12-14,0.0
4668,2014-12-15,8.5
4670,2014-12-17,2.0
4671,2014-12-18,4.0
4672,2014-12-19,18.5
4673,2014-12-21,0.0
4674,2014-12-22,-21.0
4675,2014-12-23,2.5
4676,2014-12-24,-4.5
4677,2014-12-26,4.0
4678,2014-12-28,0.0
4680,2014-12-30,-15.5
4681,2014-12-31,-12.5
4682,2015-01-02,-24.0
4683,2015-01-04,0.0
4684,2015-01-05,3.5
4685,2015-01-06,3.0
4686,2015-01-07,0.0
4687,2015-01-08,0.0
4688,2015-01-09,-2.5
4689,2015-01-11,0.0
4690,2015-01-12,-6.5
4691,2015-01-13,0.0
4692,2015-01-14,0.0
4693,2015-01-15,21.0
4694,2015-01-16,-0.5
4695,2015-01-18,0.0
4696,2015-01-20,-8.0
4697,2015-01-21,5.0
4698,2015-01-22,-18.5
4699,2015-01-23,-15.5
4700,2015-01-25,0.0
4701,2015-01-26,-11.0
4702,2015-01-27,8.0
4703,2015-01-28,-27.0
4704,2015-01-29,9.5
4705,2015-01-30,-29.0
4706,2015-02-01,0.0
4707,2015-02-02,-26.5
4708,2015-02-03,9.5
4709,2015-02-04,-5.0
4710,2015-02-05,18.5
4711,2015-02-06,26.5
4712,2015-02-08,0.0
4713,2015-02-09,-30.5
4714,2015-02-10,-26.0
4715,2015-02-11,18.0
4716,2015-02-12,-2.5
4717,2015-02-13,21.0
4718,2015-02-15,0.0
4719,2015-02-17,16.5
4720,2015-02-18,17.5
4721,2015-02-19,-4.0
4722,2015-02-20,-1.0
4723,2015-02-22,0.0
4724,2015-02-23,-32.5
4725,2015-02-24,-5.5
4726,2015-02-25,7.5
4727,2015-02-26,-11.5
4728,2015-02-27,17.0
4729,2015-03-01,0.0
4730,2015-03-02,-2.5
4731,2015-03-03,1.0
4732,2015-03-04,3.5
4733,2015-03-05,-3.5
4734,2015-03-06,4.5
4735,2015-03-08,9.0
4736,2015-03-08,9.0
4737,2015-03-08,9.0
4738,2015-03-08,9.0
4739,2015-03-09,2.5
4740,2015-03-10,15.5
4741,2015-03-11,0.5
4742,2015-03-12,-1.0
4743,2015-03-14,0.0
4744,2015-03-15,-5.5
4745,2015-03-16,8.0
4747,2015-03-18,-4.5
4748,2015-03-19,6.0
4749,2015-03-21,0.0
4750,2015-03-22,12.0
4751,2015-03-23,13.5
4752,2015-03-24,-19.0
4753,2015-03-25,14.0
4754,2015-03-26,-12.5
4755,2015-03-28,0.0
4756,2015-03-29,15.0
4757,2015-03-30,-17.5
4758,2015-03-31,-4.0
4759,2015-04-01,8.5
4760,2015-04-04,0.0
4761,2015-04-05,-2.5
4762,2015-04-06,-14.0
4763,2015-04-07,-12.0
4764,2015-04-08,-19.5
4765,2015-04-09,-17.5
4766,2015-04-11,0.0
4767,2015-04-12,-21.5
4768,2015-04-13,12.5
4769,2015-04-14,-9.5
4770,2015-04-15,-13.5
4771,2015-04-16,-12.5
4772,2015-04-18,0.0
4773,2015-04-19,-18.0
4774,2015-04-20,19.5
4775,2015-04-21,15.5
4776,2015-04-22,-8.0
4777,2015-04-23,-8.0
4778,2015-04-25,0.0
4779,2015-04-26,-13.5
4780,2015-04-27,8.5
4781,2015-04-28,16.0
4782,2015-04-29,-7.5
4783,2015-04-30,1.0
4784,2015-05-03,-21.5
4785,2015-05-04,-13.0
4786,2015-05-05,-15.5
4787,2015-05-06,0.0
4788,2015-05-07,0.0
4789,2015-05-09,0.0
4790,2015-05-10,0.0
4791,2015-05-11,-9.0
4792,2015-05-12,0.0
4793,2015-05-13,0.0
4794,2015-05-14,-1.0
4795,2015-05-16,0.0
4796,2015-05-17,21.0
4797,2015-05-18,-13.5
4798,2015-05-19,-10.0
4799,2015-05-20,3.5
4800,2015-05-21,-17.0
4801,2015-05-23,0.0
4802,2015-05-25,2.0
4803,2015-05-26,4.5
4804,2015-05-27,8.0
4805,2015-05-28,1.0
4806,2015-05-30,0.0
4807,2015-05-31,14.0
4808,2015-06-01,13.5
4809,2015-06-02,10.5
4810,2015-06-03,7.5
4811,2015-06-04,-14.0
4812,2015-06-06,0.0
4813,2015-06-07,19.5
4814,2015-06-08,5.0
4815,2015-06-09,-9.5
4816,2015-06-10,-10.5
4817,2015-06-11,-11.5
4818,2015-06-13,0.0
4819,2015-06-14,8.5
4820,2015-06-15,0.0
4821,2015-06-16,-5.5
4822,2015-06-17,9.0
4823,2015-06-18,0.0
4824,2015-06-20,0.0
4825,2015-06-21,16.5
4826,2015-06-22,-1.5
4827,2015-06-23,23.5
4828,2015-06-24,-6.5
4829,2015-06-25,-5.0
4830,2015-06-27,0.0
4831,2015-06-28,-12.5
4833,2015-06-30,16.5
4834,2015-07-01,-5.0
4835,2015-07-04,0.0
4836,2015-07-05,5.5
4837,2015-07-06,4.0
4838,2015-07-07,-19.0
4839,2015-07-08,-5.5
4840,2015-07-09,-14.5
4841,2015-07-11,0.0
4842,2015-07-12,2.0
4843,2015-07-13,0.0
4844,2015-07-14,-1.5
4845,2015-07-15,-9.0
4846,2015-07-16,-5.5
4847,2015-07-18,0.0
4848,2015-07-19,4.5
4849,2015-07-20,9.5
4850,2015-07-21,13.5
4851,2015-07-22,1.0
4852,2015-07-23,-7.0
4853,2015-07-25,0.0
4854,2015-07-26,-10.0
4855,2015-07-27,1.5
4856,2015-07-28,22.0
4857,2015-07-29,23.5
4858,2015-07-30,5.5
4859,2015-08-01,0.0
4860,2015-08-02,-16.0
4861,2015-08-03,5.5
4862,2015-08-04,6.0
4863,2015-08-05,-9.0
4864,2015-08-06,-1.5
4865,2015-08-08,0.0
4867,2015-08-10,9.0
4868,2015-08-11,1.5
4869,2015-08-12,29.0
4870,2015-08-13,-8.0
4871,2015-08-15,0.0
4872,2015-08-16,17.0
4873,2015-08-17,-11.0
4874,2015-08-18,5.5
4875,2015-08-19,-26.5
4876,2015-08-20,-1.0
4877,2015-08-22,0.0
4878,2015-08-23,-25.5
4879,2015-08-24,-7.0
4880,2015-08-25,0.0
4881,2015-08-26,3.5
4882,2015-08-27,20.0
4883,2015-08-29,0.0
4884,2015-08-30,28.0
4885,2015-08-31,-24.5
4886,2015-09-01,9.5
4887,2015-09-02,-4.0
4888,2015-09-03,0.0
4889,2015-09-05,0.0
4890,2015-09-07,11.0
4891,2015-09-08,-0.5
4892,2015-09-09,8.0
4893,2015-09-10,9.5
4894,2015-09-12,0.0
4895,2015-09-13,0.0
4896,2015-09-14,0.5
4897,2015-09-15,-6.5
4898,2015-09-16,8.0
4899,2015-09-17,14.5
4900,2015-09-19,0.0
4901,2015-09-20,-7.5
4902,2015-09-21,-4.0
4903,2015-09-22,17.0
4904,2015-09-23,13.5
4905,2015-09-24,26.0
4906,2015-09-26,0.0
4907,2015-09-27,12.0
4908,2015-09-28,-1.0
4909,2015-09-29,-10.0
4910,2015-09-30,11.5
4911,2015-10-01,-0.5
4912,2015-10-03,0.0
4913,2015-10-04,19.5
4914,2015-10-05,-3.0
4915,2015-10-06,1.5
4916,2015-10-07,-29.5
4917,2015-10-08,6.5
4918,2015-10-10,0.0
4919,2015-10-11,-8.0
4920,2015-10-12,-29.5
4922,2015-10-14,18.0
4923,2015-10-15,-17.0
4924,2015-10-17,0.0
4925,2015-10-18,-2.5
4926,2015-10-19,9.0
4927,2015-10-20,8.0
4928,2015-10-21,-7.5
4929,2015-10-22,-29.5
4930,2015-10-24,0.0
4931,2015-10-25,-20.0
4932,2015-10-26,-5.0
4933,2015-10-27,-24.0
4934,2015-10-28,22.0
4935,2015-10-29,7.0
4936,2015-10-31,0.0
4937,2015-11-02,4.5
4938,2015-11-03,9.5
4939,2015-11-04,17.0
4940,2015-11-05,3.0
4941,2015-11-06,1.0
4942,2015-11-08,0.0
4943,2015-11-09,-20.5
4944,2015-11-10,-22.5
4945,2015-11-11,0.0
4946,2015-11-12,1.0
4947,2015-11-13,0.0
4948,2015-11-15,0.0
4949,2015-11-16,-24.0
4950,2015-11-17,28.5
4951,2015-11-18,-21.0
4952,2015-11-19,-4.5
4953,2015-11-20,25.5
4954,2015-11-22,0.0
4955,2015-11-23,-1.5
4956,2015-11-24,4.5
4957,2015-11-25,5.5
4958,2015-11-27,-19.0
4959,2015-11-29,0.0
4960,2015-11-30,-4.0
4961,2015-12-01,-23.5
4962,2015-12-02,-32.5
4963,2015-12-03,-16.5
4964,2015-12-04,-11.0
4965,2015-12-06,0.0
4966,2015-12-07,-31.0
4967,2015-12-08,7.5
4968,2015-12-09,0.5
4969,2015-12-10,9.5
4970,2015-12-11,-14.0
4971,2015-12-13,0.0
4972,2015-12-14,-12.5
4973,2015-12-15,-6.0
4974,2015-12-16,5.5
4975,2015-12-17,19.0
4976,2015-12-18,-1.0
4977,2015-12-20,0.0
4978,2015-12-21,-9.5
4979,2015-12-22,-14.5
4980,2015-12-23,7.0
4981,2015-12-24,-7.5
4982,2015-12-27,0.0
4983,2015-12-28,21.0
4985,2015-12-30,-12.0
4986,2015-12-31,3.5
4987,2016-01-03,0.0
4988,2016-01-04,-6.5
4989,2016-01-05,2.5
4990,2016-01-06,-5.5
4991,2016-01-07,-12.5
4992,2016-01-08,26.0
4993,2016-01-10,0.0
4994,2016-01-11,0.0
4995,2016-01-12,0.0
4996,2016-01-13,0.0
4997,2016-01-14,3.0
4998,2016-01-15,-22.0
4999,2016-01-17,0.0
5000,2016-01-18,0.0
5001,2016-01-19,17.5
5002,2016-01-20,-6.0
5003,2016-01-21,14.0
5004,2016-01-22,-1.0
5005,2016-01-24,0.0
5006,2016-01-25,1.0
5007,2016-01-26,7.5
5008,2016-01-27,19.5
5009,2016-01-28,7.5
5010,2016-01-29,-1.0
5011,2016-01-31,0.0
5013,2016-02-02,12.5
5014,2016-02-03,1.5
5015,2016-02-04,-14.0
5016,2016-02-05,2.0
5017,2016-02-07,0.0
5018,2016-02-08,-17.5
5019,2016-02-09,-2.0
5020,2016-02-10,32.0
5021,2016-02-11,-4.5
5022,2016-02-12,-16.5
5023,2016-02-14,0.0
5024,2016-02-15,0.0
5025,2016-02-16,8.0
5026,2016-02-17,21.0
5027,2016-02-18,-17.5
5028,2016-02-19,15.5
5029,2016-02-21,0.0
5030,2016-02-22,-29.5
5031,2016-02-23,-18.0
5032,2016-02-24,12.5
5033,2016-02-25,-17.5
5034,2016-02-26,-6.0
5035,2016-02-28,0.0
5036,2016-02-29,14.0
5037,2016-03-01,-6.0
5038,2016-03-02,0.0
5039,2016-03-03,-11.0
5040,2016-03-04,-7.0
5041,2016-03-06,0.0
5042,2016-03-07,-1.5
5043,2016-03-08,-12.5
5044,2016-03-09,0.0
5045,2016-03-10,2.0
5046,2016-03-11,-9.0
5047,2016-03-13,0.5
5048,2016-03-13,0.5
5049,2016-03-13,0.5
5050,2016-03-13,0.5
5051,2016-03-14,-7.5
5052,2016-03-15,19.0
5053,2016-03-16,7.0
5054,2016-03-17,-15.0
5055,2016-03-19,0.0
5056,2016-03-20,-7.5
5057,2016-03-21,5.5
5058,2016-03-22,-10.5
5059,2016-03-23,-1.5
5060,2016-03-26,0.0
5061,2016-03-27,-7.5
5062,2016-03-28,-12.0
5063,2016-03-29,-7.5
5065,2016-03-31,17.0
5066,2016-04-02,0.0
5067,2016-04-03,0.5
5068,2016-04-04,3.5
5069,2016-04-05,-7.5
5070,2016-04-06,10.0
5071,2016-04-07,11.0
5072,2016-04-09,0.0
5073,2016-04-10,-8.5
5074,2016-04-11,-7.0
5075,2016-04-12,12.5
5076,2016-04-13,32.0
5077,2016-04-14,7.5
5078,2016-04-16,0.0
5079,2016-04-17,9.5
5080,2016-04-18,11.5
5081,2016-04-19,30.0
5082,2016-04-20,2.5
5083,2016-04-21,-17.5
5084,2016-04-23,0.0
5085,2016-04-24,25.0
5086,2016-04-25,9.5
5087,2016-04-26,0.0
5088,2016-04-27,-3.0
5089,2016-04-28,7.0
5090,2016-04-30,0.0
5091,2016-05-01,19.0
5092,2016-05-02,13.0
5093,2016-05-03,0.0
5094,2016-05-04,0.0
5095,2016-05-05,0.0
5096,2016-05-07,0.0
5097,2016-05-08,-3.0
5098,2016-05-09,0.0
5099,2016-05-10,0.0
5100,2016-05-11,0.0
5101,2016-05-12,0.0
5102,2016-05-14,0.0
5103,2016-05-15,28.0
5104,2016-05-16,20.0
5105,2016-05-17,9.0
5106,2016-05-18,-24.0
5107,2016-05-19,-3.0
5108,2016-05-21,0.0
5109,2016-05-22,-17.0
5110,2016-05-23,-3.0
5111,2016-05-24,-32.0
5112,2016-05-25,-19.0
5113,2016-05-26,-32.0
5114,2016-05-28,0.0
5115,2016-05-30,12.0
5116,2016-05-31,5.5
5117,2016-06-01,32.5
5118,2016-06-02,-2.0
5120,2016-06-06,9.0
5121,2016-06-07,-12.0
5122,2016-06-08,-18.0
5123,2016-06-09,4.5
5124,2016-06-11,0.0
5125,2016-06-12,-3.5
5126,2016-06-13,2.5
5127,2016-06-14,30.0
5128,2016-06-15,-30.0
5129,2016-06-16,-3.5
5130,2016-06-18,0.0
5131,2016-06-19,-29.0
5132,2016-06-20,-8.0
5133,2016-06-21,-9.0
5134,2016-06-22,-17.0
5135,2016-06-23,-3.0
5136,2016-06-25,0.0
5137,2016-06-26,11.5
5138,2016-06-27,-24.0
5139,2016-06-28,1.5
5140,2016-06-29,-20.0
5141,2016-06-30,-14.0
5142,2016-07-02,0.0
5143,2016-07-04,-3.5
5144,2016-07-05,0.0
5145,2016-07-06,0.0
5146,2016-07-07,0.0
5147,2016-07-09,0.0
5148,2016-07-10,0.0
5149,2016-07-11,0.0
5150,2016-07-12,0.0
5152,2016-07-14,-7.5
5153,2016-07-16,0.0
5154,2016-07-17,22.0
5155,2016-07-18,2.5
5156,2016-07-19,-1.0
5157,2016-07-20,-14.5
5158,2016-07-21,-20.5
5159,2016-07-23,0.0
5160,2016-07-24,-5.0
5162,2016-07-26,-23.5
5163,2016-07-27,-10.0
5164,2016-07-28,16.0
5165,2016-07-30,0.0
5166,2016-07-31,-24.0
5167,2016-08-01,-14.0
5168,2016-08-02,-2.5
5169,2016-08-03,-32.5
5170,2016-08-04,-8.5
5171,2016-08-06,0.0
5172,2016-08-07,28.5
5173,2016-08-08,-1.0
5174,2016-08-09,-16.0
5175,2016-08-10,-20.5
5176,2016-08-11,34.0
5177,2016-08-13,0.0
5179,2016-08-15,19.0
5180,2016-08-16,-25.0
5181,2016-08-17,3.5
5182,2016-08-18,5.5
5183,2016-08-20,0.0
5184,2016-08-21,18.5
5185,2016-08-22,-15.5
5186,2016-08-23,-25.0
5187,2016-08-24,-27.0
5188,2016-08-25,-4.0
5189,2016-08-27,0.0
5190,2016-08-28,-27.5
5191,2016-08-29,-18.0
5192,2016-08-30,-12.5
5193,2016-08-31,-11.0
5194,2016-09-01,0.0
5195,2016-09-03,0.0
5196,2016-09-05,0.0
5197,2016-09-06,0.0
5198,2016-09-07,0.0
5199,2016-09-08,0.0
5200,2016-09-10,0.0
5201,2016-09-11,7.5
5202,2016-09-12,-16.5
5203,2016-09-13,0.0
5204,2016-09-14,-10.5
5205,2016-09-15,3.0
5206,2016-09-17,0.0
5207,2016-09-18,-6.5
5208,2016-09-19,14.5
5209,2016-09-20,-15.5
5210,2016-09-21,-3.5
5211,2016-09-22,-1.0
5212,2016-09-24,0.0
5213,2016-09-25,2.5
5214,2016-09-26,8.0
5215,2016-09-27,-1.0
5216,2016-09-28,4.5
5217,2016-09-29,11.0
5218,2016-10-01,0.0
5219,2016-10-02,23.0
5220,2016-10-03,4.5
5221,2016-10-04,-3.5
5222,2016-10-05,7.5
5223,2016-10-06,4.0
5224,2016-10-08,0.0
5225,2016-10-10,17.5
5226,2016-10-11,-17.5
5227,2016-10-12,7.0
5228,2016-10-13,-5.0
5229,2016-10-15,0.0
5230,2016-10-16,25.0
5231,2016-10-17,6.0
5232,2016-10-18,3.0
5233,2016-10-19,0.5
5234,2016-10-20,-0.5
5235,2016-10-22,0.0
5237,2016-10-24,-4.5
5238,2016-10-25,18.5
5239,2016-10-26,8.0
5240,2016-10-27,-28.0
5241,2016-10-29,0.0
5242,2016-10-30,0.0
5243,2016-10-31,-22.0
5244,2016-11-01,-13.0
5245,2016-11-02,-5.5
5246,2016-11-03,5.0
5247,2016-11-05,0.0
5248,2016-11-07,0.0
5249,2016-11-08,-3.5
5250,2016-11-09,-18.0
5251,2016-11-10,0.0
5252,2016-11-13,0.0
5253,2016-11-14,0.0
5254,2016-11-15,1.5
5255,2016-11-16,27.0
5256,2016-11-17,-14.0
5257,2016-11-18,8.0
5258,2016-11-20,0.0
5259,2016-11-21,17.5
5260,2016-11-22,-24.5
5261,2016-11-23,-5.5
5262,2016-11-25,5.0
5263,2016-11-27,0.0
5264,2016-11-28,-8.5
5265,2016-11-29,-5.0
5266,2016-11-30,17.5
5267,2016-12-01,4.0
5268,2016-12-02,-7.5
5269,2016-12-04,0.0
5270,2016-12-05,33.0
5271,2016-12-06,10.0
5272,2016-12-07,3.0
5273,2016-12-08,-13.0
5274,2016-12-09,11.0
5275,2016-12-11,0.0
5276,2016-12-12,-8.0
5277,2016-12-13,-5.5
5278,2016-12-14,-8.5
5279,2016-12-15,-24.5
5280,2016-12-16,2.0
5281,2016-12-18,0.0
5282,2016-12-19,-4.5
5283,2016-12-20,2.0
5284,2016-12-21,-11.5
5285,2016-12-22,-13.0
5286,2016-12-23,-9.0
5287,2016-12-25,0.0
5288,2016-12-27,6.0
5289,2016-12-28,-6.0
5290,2016-12-29,1.5
5291,2016-12-30,9.5
5292,2017-01-01,0.0
5293,2017-01-03,-7.5
5294,2017-01-04,0.0
5295,2017-01-05,1.5
5296,2017-01-06,0.0
5297,2017-01-08,0.0
5298,2017-01-09,0.0
5299,2017-01-10,-11.0
5300,2017-01-11,-6.0
5301,2017-01-12,31.0
5302,2017-01-13,0.0
5303,2017-01-15,0.0
5304,2017-01-17,5.0
5305,2017-01-18,-2.5
5306,2017-01-19,-4.5
5307,2017-01-20,1.0
5308,2017-01-22,0.0
5309,2017-01-23,-6.5
5310,2017-01-24,10.0
5311,2017-01-25,-11.0
5312,2017-01-26,-9.0
5313,2017-01-27,8.0
5314,2017-01-29,0.0
5315,2017-01-30,-3.5
5316,2017-01-31,-17.5
5317,2017-02-01,-6.5
5318,2017-02-02,0.0
5319,2017-02-03,3.0
5320,2017-02-05,0.0
5321,2017-02-06,-1.5
5322,2017-02-07,-5.0
5323,2017-02-08,16.5
5324,2017-02-09,-5.5
5325,2017-02-10,13.0
5326,2017-02-12,0.0
5327,2017-02-13,-5.5
5328,2017-02-14,-4.5
5329,2017-02-15,-3.5
5330,2017-02-16,-4.0
5331,2017-02-17,2.5
5332,2017-02-19,0.0
5333,2017-02-21,6.5
5334,2017-02-22,3.5
5335,2017-02-23,2.0
5336,2017-02-24,-2.5
5337,2017-02-26,0.0
5338,2017-02-27,-8.5
5339,2017-02-28,-10.5
5340,2017-03-01,8.5
5341,2017-03-02,1.5
5342,2017-03-03,-2.5
5343,2017-03-05,0.0
5344,2017-03-06,0.0
5345,2017-03-07,0.0
5346,2017-03-08,3.0
5347,2017-03-09,10.0
5348,2017-03-10,1.5
5349,2017-03-12,0.0
5350,2017-03-12,0.0
5351,2017-03-12,0.0
5352,2017-03-12,0.0
5353,2017-03-13,-3.0
5354,2017-03-14,-5.0
5355,2017-03-15,13.0
5356,2017-03-16,10.0
5357,2017-03-18,0.0
5358,2017-03-19,-6.0
5359,2017-03-20,-6.0
5360,2017-03-21,1.5
5361,2017-03-22,6.5
5362,2017-03-23,-5.0
5363,2017-03-25,0.0
5364,2017-03-26,1.0
5365,2017-03-27,-3.5
5366,2017-03-28,11.0
5367,2017-03-29,0.5
5368,2017-03-30,5.0
5369,2017-04-02,18.0
5370,2017-04-03,-0.5
5371,2017-04-04,7.5
5372,2017-04-05,2.5
5373,2017-04-06,2.0
5374,2017-04-08,0.0
5375,2017-04-09,5.0
5376,2017-04-10,0.5
5377,2017-04-11,-5.5
5378,2017-04-12,1.0
5379,2017-04-15,0.0
5380,2017-04-16,-11.0
5381,2017-04-17,-4.0
5382,2017-04-18,-4.0
5383,2017-04-19,-17.0
5384,2017-04-20,-8.0
5385,2017-04-22,0.0
5386,2017-04-23,-19.5
5387,2017-04-24,-31.5
5388,2017-04-25,-14.5
5389,2017-04-26,-7.0
5390,2017-04-27,0.0
5391,2017-04-29,0.0
5392,2017-04-30,10.5
5393,2017-05-01,0.0
5394,2017-05-02,0.0
5395,2017-05-03,5.0
5396,2017-05-04,0.0
5397,2017-05-06,0.0
5398,2017-05-07,1.0
5399,2017-05-08,0.0
5400,2017-05-09,16.0
5401,2017-05-10,19.5
5402,2017-05-11,0.0
5403,2017-05-13,0.0
5404,2017-05-14,22.0
5405,2017-05-15,-3.5
5406,2017-05-16,28.5
5407,2017-05-17,-2.0
5408,2017-05-18,-6.5
5409,2017-05-20,0.0
5410,2017-05-21,21.0
5411,2017-05-22,-9.0
5412,2017-05-23,21.5
5413,2017-05-24,-12.0
5414,2017-05-25,3.5
5415,2017-05-27,0.0
5416,2017-05-29,22.5
5417,2017-05-30,-4.5
5418,2017-05-31,-6.0
5419,2017-06-01,11.0
5420,2017-06-03,0.0
5421,2017-06-04,-10.0
5422,2017-06-05,5.0
5423,2017-06-06,13.0
5424,2017-06-07,2.0
5425,2017-06-08,9.0
5426,2017-06-10,0.0
5427,2017-06-11,4.0
5428,2017-06-12,0.0
5429,2017-06-13,-21.5
5431,2017-06-15,-4.5
5432,2017-06-17,0.0
5433,2017-06-18,16.5
5434,2017-06-19,-8.0
5435,2017-06-20,-17.0
5436,2017-06-21,-5.0
5437,2017-06-22,12.0
5438,2017-06-24,0.0
5439,2017-06-25,-7.5
5440,2017-06-26,10.5
5441,2017-06-27,13.5
5442,2017-06-28,20.0
5443,2017-06-29,-27.5
5444,2017-07-01,0.0
5445,2017-07-03,-9.5
5446,2017-07-04,1.0
5447,2017-07-05,-0.5
5448,2017-07-06,19.0
5449,2017-07-08,0.0
5450,2017-07-09,0.0
5451,2017-07-10,0.0
5452,2017-07-11,-21.5
5453,2017-07-12,-12.5
5454,2017-07-13,6.5
5455,2017-07-15,0.0
5456,2017-07-16,8.0
5457,2017-07-17,2.5
5458,2017-07-18,0.5
5459,2017-07-19,23.0
5460,2017-07-20,6.5
5461,2017-07-22,0.0
5462,2017-07-23,22.0
5463,2017-07-24,23.0
5464,2017-07-25,-0.5
5465,2017-07-26,8.5
5466,2017-07-27,8.5
5467,2017-07-29,0.0
5468,2017-07-30,-13.0
5469,2017-07-31,11.0
5470,2017-08-01,12.5
5471,2017-08-02,-9.0
5472,2017-08-03,-2.0
5473,2017-08-05,0.0
5474,2017-08-06,-27.0
5475,2017-08-07,6.0
5476,2017-08-08,11.0
5477,2017-08-09,-5.0
5478,2017-08-10,23.5
5479,2017-08-12,0.0
5480,2017-08-13,-13.0
5481,2017-08-14,-11.5
5482,2017-08-15,-1.5
5483,2017-08-16,-6.5
5484,2017-08-17,3.0
5485,2017-08-19,0.0
5486,2017-08-20,-4.0
5487,2017-08-21,1.5
5488,2017-08-22,10.0
5489,2017-08-23,7.0
5490,2017-08-24,1.5
5491,2017-08-26,0.0
5492,2017-08-27,-7.5
5493,2017-08-28,-1.5
5494,2017-08-29,8.5
5495,2017-08-30,15.0
5496,2017-08-31,0.0
5497,2017-09-02,0.0
5498,2017-09-04,0.0
5499,2017-09-05,1.0
5500,2017-09-06,0.0
5501,2017-09-07,1.0
5502,2017-09-09,0.0
5503,2017-09-10,0.0
5504,2017-09-11,28.5
5505,2017-09-12,-5.0
5506,2017-09-13,-0.5
5507,2017-09-14,-1.5
5508,2017-09-16,0.0
5509,2017-09-17,8.5
5510,2017-09-18,-8.5
5511,2017-09-19,0.5
5512,2017-09-20,-8.0
5513,2017-09-21,-33.5
5514,2017-09-23,0.0
5516,2017-09-25,-8.0
5517,2017-09-26,-3.0
5518,2017-09-27,7.0
5519,2017-09-28,2.0
5520,2017-09-30,0.0
5521,2017-10-01,1.5
5522,2017-10-02,-3.5
5523,2017-10-03,-0.5
5524,2017-10-04,-12.0
5525,2017-10-05,-4.0
5526,2017-10-07,0.0
5527,2017-10-08,-7.5
5528,2017-10-09,17.5
5529,2017-10-10,0.5
5530,2017-10-11,18.5
5531,2017-10-12,-4.5
5532,2017-10-14,0.0
5533,2017-10-15,-7.0
5534,2017-10-16,1.0
5535,2017-10-17,-18.5
5536,2017-10-18,6.5
5537,2017-10-19,12.5
5538,2017-10-21,0.0
5539,2017-10-22,-12.5
5541,2017-10-24,3.0
5542,2017-10-25,-16.0
5543,2017-10-26,1.5
5544,2017-10-28,0.0
5545,2017-10-29,-17.0
5546,2017-10-30,-16.0
5547,2017-10-31,-9.0
5548,2017-11-01,-10.0
5549,2017-11-02,18.5
5550,2017-11-04,0.0
5551,2017-11-06,4.5
5552,2017-11-07,-9.5
5553,2017-11-08,0.0
5554,2017-11-09,0.0
5555,2017-11-10,0.0
5556,2017-11-12,0.0
5557,2017-11-13,0.0
5558,2017-11-14,8.5
5560,2017-11-16,10.0
5561,2017-11-17,15.5
5562,2017-11-19,0.0
5563,2017-11-20,9.0
5564,2017-11-21,3.5
5565,2017-11-22,11.0
5566,2017-11-24,3.0
5567,2017-11-26,0.0
5568,2017-11-27,-9.5
5569,2017-11-28,4.5
5570,2017-11-29,6.0
5571,2017-11-30,16.0
5572,2017-12-01,-2.5
5573,2017-12-03,0.0
5574,2017-12-04,-29.5
5575,2017-12-05,13.0
5576,2017-12-06,-7.0
5577,2017-12-07,-2.0
5578,2017-12-08,-7.0
5579,2017-12-10,0.0
5580,2017-12-11,11.5
5581,2017-12-12,6.0
5583,2017-12-14,-12.0
5584,2017-12-15,-4.5
5585,2017-12-17,0.0
5586,2017-12-18,-0.5
5587,2017-12-19,-3.0
5588,2017-12-20,13.0
5589,2017-12-21,19.5
5590,2017-12-22,4.5
5591,2017-12-24,0.0
5592,2017-12-26,-16.5
5593,2017-12-27,0.5
5594,2017-12-28,-15.0
5595,2017-12-29,8.0
5596,2017-12-31,0.0
5597,2018-01-02,0.0
5598,2018-01-03,-12.5
5599,2018-01-04,0.0
5600,2018-01-05,4.5
5601,2018-01-07,0.0
5602,2018-01-08,0.0
5603,2018-01-09,0.0
5604,2018-01-10,0.0
5605,2018-01-11,0.0
5606,2018-01-12,0.0
5607,2018-01-14,0.0
5608,2018-01-16,24.0
5609,2018-01-17,5.5
5610,2018-01-18,0.0
5611,2018-01-19,11.5
5612,2018-01-21,0.0
5613,2018-01-22,6.0
5614,2018-01-23,5.5
5615,2018-01-24,-2.5
5616,2018-01-25,1.0
5617,2018-01-26,19.5
5618,2018-01-28,0.0
5619,2018-01-29,13.5
5620,2018-01-30,0.5
5621,2018-01-31,6.0
5622,2018-02-01,-1.0
5623,2018-02-02,10.0
5624,2018-02-04,0.0
5625,2018-02-05,9.0
5626,2018-02-06,4.5
5627,2018-02-07,-4.5
5628,2018-02-08,-1.5
5629,2018-02-09,-2.5
5630,2018-02-11,0.0
5631,2018-02-12,12.0
5632,2018-02-13,-11.5
5633,2018-02-14,-1.0
5634,2018-02-15,-25.0
5635,2018-02-16,6.5
5636,2018-02-18,0.0
5637,2018-02-20,-18.5
5638,2018-02-21,10.0
5639,2018-02-22,3.0
5640,2018-02-23,-7.0
5641,2018-02-25,0.0
5642,2018-02-26,-10.5
5643,2018-02-27,4.5
5645,2018-03-01,0.0
5646,2018-03-02,-5.5
5647,2018-03-04,0.0
5648,2018-03-05,0.0
5649,2018-03-06,0.0
5650,2018-03-07,-13.5
5651,2018-03-08,0.0
5652,2018-03-09,0.0
5653,2018-03-11,0.0
5654,2018-03-11,0.0
5655,2018-03-11,0.0
5656,2018-03-11,0.0
5657,2018-03-12,0.0
5658,2018-03-13,0.0
5659,2018-03-14,8.0
5660,2018-03-15,5.0
5661,2018-03-17,0.0
5662,2018-03-18,-15.0
5663,2018-03-19,-8.0
5664,2018-03-20,9.5
5665,2018-03-21,2.0
5666,2018-03-22,6.0
5667,2018-03-24,0.0
5668,2018-03-25,9.0
5669,2018-03-26,2.5
5670,2018-03-27,-2.0
5671,2018-03-28,-7.0
5672,2018-03-31,0.0
5673,2018-04-01,-6.5
5674,2018-04-02,6.5
5675,2018-04-03,1.5
5676,2018-04-04,0.5
5677,2018-04-05,13.5
5678,2018-04-07,0.0
5679,2018-04-08,32.5
5680,2018-04-09,-2.5
5681,2018-04-10,3.5
5682,2018-04-11,7.5
5683,2018-04-12,21.0
5684,2018-04-14,0.0
5685,2018-04-15,0.0
5686,2018-04-16,14.0
5687,2018-04-17,6.5
5688,2018-04-18,-8.5
5689,2018-04-19,-1.5
5690,2018-04-21,0.0
5691,2018-04-22,6.5
5692,2018-04-23,6.0
5693,2018-04-24,0.5
5695,2018-04-26,11.0
5696,2018-04-28,0.0
5697,2018-04-29,3.0
5698,2018-04-30,1.5
5699,2018-05-01,7.0
5700,2018-05-02,0.0
5701,2018-05-03,0.5
5702,2018-05-06,-7.0
5703,2018-05-07,4.0
5704,2018-05-08,-1.5
5705,2018-05-09,-9.0
5706,2018-05-10,13.5
5707,2018-05-12,0.0
5708,2018-05-13,0.0
5709,2018-05-14,0.0
5710,2018-05-15,5.0
5711,2018-05-16,-4.5
5712,2018-05-17,-19.5
5713,2018-05-19,0.0
5714,2018-05-20,-12.0
5715,2018-05-21,9.5
5717,2018-05-23,-34.0
5718,2018-05-24,6.0
5719,2018-05-26,0.0
5720,2018-05-28,-10.0
5721,2018-05-29,21.0
5722,2018-05-30,-10.0
5723,2018-05-31,-16.5
5724,2018-06-02,0.0
5725,2018-06-03,-28.0
5726,2018-06-04,-29.5
5728,2018-06-06,-30.5
5729,2018-06-07,-1.5
5730,2018-06-09,0.0
5732,2018-06-11,21.5
5733,2018-06-12,18.0
5734,2018-06-13,19.5
5735,2018-06-14,25.0
5736,2018-06-16,0.0
5740,2018-06-20,6.0
5741,2018-06-21,-9.5
5742,2018-06-23,0.0
5743,2018-06-24,-10.0
5744,2018-06-25,3.0
5747,2018-06-28,20.0
5748,2018-06-30,0.0
5749,2018-07-01,-19.5
5750,2018-07-03,0.0
5751,2018-07-04,0.0
5752,2018-07-05,-8.5
5753,2018-07-07,0.0
5754,2018-07-08,22.5
5755,2018-07-09,0.0
5756,2018-07-10,0.0
5757,2018-07-11,0.0
5758,2018-07-12,-2.5
5759,2018-07-14,0.0
5760,2018-07-15,6.5
5761,2018-07-16,-1.5
5762,2018-07-17,-13.0
5763,2018-07-18,-6.5
5764,2018-07-19,7.0
5765,2018-07-21,0.0
5766,2018-07-22,10.0
5767,2018-07-23,8.0
5768,2018-07-24,0.0
5769,2018-07-25,-3.5
5770,2018-07-26,4.5
5771,2018-07-28,0.0
5772,2018-07-29,-4.5
5773,2018-07-30,-2.0
5774,2018-07-31,-0.5
5775,2018-08-01,-24.0
5776,2018-08-02,-11.5
5777,2018-08-04,0.0
5778,2018-08-05,-30.0
5780,2018-08-07,-27.0
5781,2018-08-08,10.0
5782,2018-08-09,-22.0
5783,2018-08-11,0.0
5784,2018-08-12,-25.0
5785,2018-08-13,-12.0
5786,2018-08-14,11.0
5787,2018-08-15,13.0
5788,2018-08-16,-21.5
5789,2018-08-18,0.0
5790,2018-08-19,-6.0
5791,2018-08-20,27.0
5792,2018-08-21,26.0
5793,2018-08-22,-2.0
5794,2018-08-23,-4.5
5795,2018-08-25,0.0
5796,2018-08-26,-28.0
5797,2018-08-27,8.5
5798,2018-08-28,22.0
5799,2018-08-29,-13.0
5800,2018-08-30,18.0
5801,2018-09-01,0.0
5802,2018-09-03,3.0
5803,2018-09-04,-24.5
5804,2018-09-05,-2.5
5805,2018-09-06,0.0
5806,2018-09-08,0.0
5807,2018-09-09,0.0
5808,2018-09-10,0.0
5809,2018-09-11,0.0
5810,2018-09-12,0.0
5811,2018-09-13,0.0
5812,2018-09-15,0.0
5813,2018-09-16,-21.0
5814,2018-09-17,-25.5
5815,2018-09-18,-29.0
5816,2018-09-19,6.5
5817,2018-09-20,-0.5
5818,2018-09-22,0.0
5819,2018-09-23,-8.5
5820,2018-09-24,4.5
5821,2018-09-25,-9.0
5822,2018-09-26,0.0
5823,2018-09-27,-0.5
5824,2018-09-29,0.0
5825,2018-09-30,28.5
5826,2018-10-01,8.5
5827,2018-10-02,23.0
5828,2018-10-03,33.0
5829,2018-10-04,8.5
5830,2018-10-06,0.0
5831,2018-10-07,14.0
5832,2018-10-08,10.0
5833,2018-10-09,0.5
5834,2018-10-10,-23.0
5835,2018-10-11,0.0
5836,2018-10-13,0.0
5837,2018-10-14,15.0
5838,2018-10-15,17.0
5839,2018-10-16,9.0
5840,2018-10-17,3.0
5841,2018-10-18,7.0
5842,2018-10-20,0.0
5843,2018-10-21,-20.5
5844,2018-10-22,4.5
5845,2018-10-23,5.0
5846,2018-10-24,-2.5
5847,2018-10-25,-9.0
5848,2018-10-27,0.0
5849,2018-10-28,-23.5
5850,2018-10-29,0.0
5851,2018-10-30,18.0
5852,2018-10-31,-4.5
5853,2018-11-01,0.0
5854,2018-11-03,0.0
5855,2018-11-05,0.0
5856,2018-11-06,0.0
5857,2018-11-07,-5.0
5858,2018-11-08,0.0
5859,2018-11-09,0.0
5860,2018-11-11,0.0
5861,2018-11-12,0.0
5862,2018-11-13,-2.5
5863,2018-11-14,0.0
5864,2018-11-15,-13.5
5865,2018-11-16,17.0
5866,2018-11-18,0.0
5867,2018-11-19,-12.5
5868,2018-11-20,-1.0
5869,2018-11-21,5.5
5870,2018-11-23,-4.5
5871,2018-11-26,5.0
5872,2018-11-27,9.5
5873,2018-11-28,-1.5
5874,2018-11-29,9.0
5875,2018-11-30,-3.0
5876,2018-12-02,0.0
5877,2018-12-03,9.0
5878,2018-12-04,-0.5
5879,2018-12-06,0.5
5880,2018-12-07,-6.0
5881,2018-12-09,0.0
5882,2018-12-10,-5.0
5883,2018-12-11,-2.0
5884,2018-12-12,-8.0
5885,2018-12-13,-8.0
5886,2018-12-14,12.5
5887,2018-12-16,0.0
5888,2018-12-17,-8.0
5889,2018-12-18,-4.5
5890,2018-12-19,-11.5
5891,2018-12-20,4.5
5892,2018-12-21,4.5
5893,2018-12-23,0.0
5894,2018-12-24,-25.5
5895,2018-12-26,-3.5
5896,2018-12-27,-18.5
5897,2018-12-28,-7.0
5898,2018-12-30,0.0
5899,2018-12-31,-0.5
5900,2019-01-02,0.0
5901,2019-01-03,6.5
5902,2019-01-04,0.0
5903,2019-01-06,0.0
5904,2019-01-07,0.0
5905,2019-01-08,0.0
5906,2019-01-09,0.0
5907,2019-01-10,0.0
5908,2019-01-11,0.0
5909,2019-01-13,0.0
5910,2019-01-14,0.0
5911,2019-01-15,-20.5
5912,2019-01-16,11.5
5913,2019-01-17,4.5
5914,2019-01-18,5.5
5915,2019-01-20,0.0
5916,2019-01-22,5.0
5917,2019-01-23,11.0
5918,2019-01-24,-5.5
5919,2019-01-25,-0.5
5920,2019-01-27,0.0
5921,2019-01-28,2.0
5922,2019-01-29,2.5
5923,2019-01-30,-9.5
5924,2019-01-31,-0.5
5925,2019-02-01,1.0
5926,2019-02-03,0.0
5927,2019-02-04,-1.0
5928,2019-02-05,4.0
5929,2019-02-06,-13.0
5930,2019-02-07,-4.0
5931,2019-02-08,-12.0
5932,2019-02-10,0.0
5933,2019-02-11,-9.5
5934,2019-02-12,-6.0
5935,2019-02-13,0.5
5936,2019-02-14,-9.5
5937,2019-02-15,-18.0
5938,2019-02-17,0.0
5939,2019-02-19,-11.5
5940,2019-02-20,17.5
5941,2019-02-21,16.0
5942,2019-02-22,-2.0
5943,2019-02-24,0.0
5944,2019-02-25,-6.5
5945,2019-02-26,25.5
5946,2019-02-27,-23.5
5947,2019-02-28,11.0
5948,2019-03-01,0.0
5949,2019-03-04,4.0
5950,2019-03-05,-9.5
5951,2019-03-06,14.5
5952,2019-03-07,-11.0
5953,2019-03-08,0.0
5954,2019-03-10,0.0
5955,2019-03-10,0.0
5956,2019-03-10,0.0
5957,2019-03-10,0.0
5958,2019-03-11,0.0
5959,2019-03-12,0.0
5960,2019-03-13,0.0
5961,2019-03-14,-2.0
5962,2019-03-16,0.0
5963,2019-03-17,-1.0
5964,2019-03-18,4.5
5965,2019-03-19,14.0
5966,2019-03-20,14.5
5967,2019-03-21,14.5
5968,2019-03-23,0.0
5969,2019-03-24,-2.0
5970,2019-03-25,13.0
5971,2019-03-26,-10.5
5972,2019-03-27,-22.0
5973,2019-03-28,-8.0
5974,2019-03-30,0.0
5975,2019-03-31,1.0
5976,2019-04-01,-5.5
5977,2019-04-02,-11.5
5978,2019-04-03,-9.5
5979,2019-04-04,-2.0
5980,2019-04-06,0.0
5981,2019-04-07,-10.5
5982,2019-04-08,-8.5
5983,2019-04-09,-8.5
5984,2019-04-10,6.5
5985,2019-04-11,18.0
5986,2019-04-13,0.0
5987,2019-04-14,6.5
5988,2019-04-15,-9.5
5989,2019-04-16,-4.5
5990,2019-04-17,-5.0
5991,2019-04-20,0.0
5992,2019-04-21,-7.0
5993,2019-04-22,-21.5
5994,2019-04-23,-13.5
5995,2019-04-24,-2.0
5996,2019-04-25,6.0
5997,2019-04-27,0.0
5998,2019-04-28,3.0
5999,2019-04-29,1.5
6000,2019-04-30,8.0
6001,2019-05-01,0.0
6002,2019-05-02,7.0
6003,2019-05-04,0.0
6004,2019-05-05,0.0
6005,2019-05-06,9.5
6006,2019-05-07,0.0
6007,2019-05-08,0.0
6008,2019-05-09,0.0
6009,2019-05-11,0.0
6010,2019-05-12,-6.5
6011,2019-05-13,3.5
6012,2019-05-14,0.0
6013,2019-05-15,0.0
6014,2019-05-16,0.0
6015,2019-05-18,0.0
6016,2019-05-19,0.0
6017,2019-05-20,0.0
6018,2019-05-21,0.0
6019,2019-05-22,0.0
6020,2019-05-23,0.0
6021,2019-05-25,0.0
6022,2019-05-27,0.0
6023,2019-05-28,0.0
6024,2019-05-29,0.0
6025,2019-05-30,0.0
6026,2019-06-01,0.0
6027,2019-06-02,29.5
6028,2019-06-03,1.5
6029,2019-06-04,3.0
6030,2019-06-05,8.0
6031,2019-06-06,0.0
6032,2019-06-08,0.0
6033,2019-06-09,9.0
6034,2019-06-10,-17.5
6035,2019-06-11,20.0
6036,2019-06-12,0.5
6037,2019-06-13,-2.0
6038,2019-06-15,0.0
6039,2019-06-16,1.0
6040,2019-06-17,-6.0
6041,2019-06-18,-18.0
6042,2019-06-19,-19.5
6043,2019-06-20,10.5
6044,2019-06-22,0.0
6045,2019-06-23,-10.0
6046,2019-06-24,-9.5
6047,2019-06-25,-7.0
6048,2019-06-26,2.0
6049,2019-06-27,7.0
6050,2019-06-29,0.0
6051,2019-06-30,0.0
6052,2019-07-01,-6.0
6053,2019-07-03,12.0
6054,2019-07-04,0.0
6055,2019-07-06,0.0
6056,2019-07-07,0.0
6057,2019-07-08,0.0
6058,2019-07-09,3.5
6059,2019-07-10,6.5
6060,2019-07-11,5.0
6061,2019-07-13,0.0
6062,2019-07-14,3.5
6063,2019-07-15,-5.5
6064,2019-07-16,1.5
6065,2019-07-17,12.5
6066,2019-07-18,7.5
6067,2019-07-20,0.0
6068,2019-07-21,-2.5
6069,2019-07-22,2.5
6070,2019-07-23,8.5
6071,2019-07-24,9.5
6072,2019-07-25,9.5
6073,2019-07-27,0.0
6074,2019-07-28,15.0
6075,2019-07-29,-20.0
6076,2019-07-30,-15.0
6077,2019-07-31,2.0
6078,2019-08-01,-23.0
6079,2019-08-03,0.0
6080,2019-08-04,-26.5
6081,2019-08-05,-6.5
6082,2019-08-06,0.0
6083,2019-08-07,-4.0
6084,2019-08-08,0.0
6085,2019-08-10,0.0
6086,2019-08-11,19.0
6087,2019-08-12,-9.5
6088,2019-08-13,-4.5
6089,2019-08-14,-18.0
6090,2019-08-15,-10.5
6091,2019-08-17,0.0
6092,2019-08-18,-17.5
6093,2019-08-19,-5.5
6094,2019-08-20,-2.0
6095,2019-08-21,-4.5
6096,2019-08-22,11.0
6097,2019-08-24,0.0
6098,2019-08-25,27.5
6099,2019-08-26,-5.0
6100,2019-08-27,-1.5
6101,2019-08-28,20.5
6102,2019-08-29,-1.5
6103,2019-08-31,0.0
6104,2019-09-02,0.0
6105,2019-09-03,0.0
6106,2019-09-04,8.5
6107,2019-09-05,0.0
6108,2019-09-07,0.0
6109,2019-09-08,-1.5
6110,2019-09-09,7.0
6111,2019-09-10,-4.5
6112,2019-09-11,8.0
6113,2019-09-12,0.0
6114,2019-09-14,0.0
6115,2019-09-15,-1.5
6116,2019-09-16,6.5
6117,2019-09-17,6.0
6118,2019-09-18,6.0
6119,2019-09-19,-2.0
6120,2019-09-21,0.0
6121,2019-09-22,-23.5
6122,2019-09-23,-2.0
6123,2019-09-24,-10.5
6124,2019-09-25,17.0
6125,2019-09-26,7.5
6126,2019-09-28,0.0
6127,2019-09-29,-7.5
6128,2019-09-30,-12.5
6129,2019-10-01,-15.5
6130,2019-10-02,1.0
6131,2019-10-03,-5.5
6132,2019-10-05,0.0
6133,2019-10-06,0.0
6134,2019-10-07,20.0
6135,2019-10-08,16.5
6136,2019-10-09,4.0
6137,2019-10-10,5.0
6138,2019-10-12,0.0
6139,2019-10-13,-7.0
6140,2019-10-14,-10.0
6141,2019-10-15,10.0
6142,2019-10-16,-1.0
6143,2019-10-17,-6.5
6144,2019-10-19,0.0
6145,2019-10-20,-11.5
6146,2019-10-21,-10.0
6147,2019-10-22,-3.0
6148,2019-10-23,5.5
6149,2019-10-24,7.0
6150,2019-10-26,0.0
6151,2019-10-27,-21.0
6152,2019-10-28,14.0
6153,2019-10-29,8.0
6154,2019-10-30,0.0
6155,2019-10-31,-9.5
6156,2019-11-02,0.0
6157,2019-11-04,-14.0
6158,2019-11-05,0.0
6159,2019-11-06,0.0
6160,2019-11-07,0.0
6161,2019-11-08,2.0
6162,2019-11-10,0.0
6163,2019-11-11,0.0
6164,2019-11-12,0.0
6165,2019-11-13,0.0
6166,2019-11-14,0.0
6167,2019-11-15,7.0
6168,2019-11-17,0.0
6169,2019-11-18,9.5
6170,2019-11-19,2.0
6171,2019-11-20,5.0
6172,2019-11-21,13.5
6173,2019-11-22,-6.0
6174,2019-11-24,0.0
6175,2019-11-25,5.0
6176,2019-11-26,5.0
6177,2019-11-27,15.0
6178,2019-11-29,8.5
6179,2019-12-01,0.0
6180,2019-12-02,0.0
6181,2019-12-03,-12.0
6182,2019-12-04,-3.5
6183,2019-12-05,0.5
6184,2019-12-06,3.0
6185,2019-12-08,0.0
6186,2019-12-09,18.5
6187,2019-12-10,1.5
6188,2019-12-11,-1.0
6189,2019-12-12,1.5
6190,2019-12-13,10.5
6191,2019-12-15,0.0
6192,2019-12-16,11.0
6193,2019-12-17,13.5
6194,2019-12-18,10.5
6195,2019-12-19,2.0
6196,2019-12-20,11.0
6197,2019-12-22,0.0
6198,2019-12-23,13.5
6199,2019-12-24,5.0
6200,2019-12-26,4.5
6201,2019-12-27,15.0
6202,2019-12-29,0.0
6203,2019-12-30,-9.0
6204,2019-12-31,17.5
6205,2020-01-02,0.0
6206,2020-01-03,10.0
6207,2020-01-05,0.0
6208,2020-01-06,-5.0
6209,2020-01-07,1.5
6210,2020-01-08,0.0
6211,2020-01-09,9.0
6212,2020-01-10,15.5
6213,2020-01-12,0.0
6214,2020-01-13,-13.0
6215,2020-01-14,9.0
6216,2020-01-15,1.0
6217,2020-01-16,-3.0
6218,2020-01-17,18.5
6219,2020-01-19,0.0
6220,2020-01-21,-7.0
6221,2020-01-22,4.0
6222,2020-01-23,20.0
6223,2020-01-24,0.5
6224,2020-01-26,0.0
6225,2020-01-27,-1.5
6226,2020-01-28,11.5
6227,2020-01-29,6.5
6228,2020-01-30,-13.0
6229,2020-01-31,-4.5
6230,2020-02-02,0.0
6231,2020-02-03,-1.0
6232,2020-02-04,0.5
6233,2020-02-05,9.0
6234,2020-02-06,-1.5
6235,2020-02-07,9.0
6236,2020-02-09,0.0
6237,2020-02-10,9.5
6238,2020-02-11,-14.5
6239,2020-02-12,-16.5
6240,2020-02-13,-9.5
6241,2020-02-14,3.5
6242,2020-02-16,0.0
6243,2020-02-18,12.5
6244,2020-02-19,0.5
6245,2020-02-20,1.5
6246,2020-02-21,-2.0
6247,2020-02-23,0.0
6248,2020-02-24,-4.0
6249,2020-02-25,4.0
6250,2020-02-26,2.5
6251,2020-02-27,0.0
6252,2020-02-28,14.5
6253,2020-03-01,0.0
6254,2020-03-02,-6.0
6255,2020-03-03,-13.5
6256,2020-03-04,-5.0
6258,2020-03-06,-22.0
6259,2020-03-08,-2.5
6260,2020-03-08,-2.5
6261,2020-03-08,-2.5
6262,2020-03-08,-2.5
6263,2020-03-09,3.0
6264,2020-03-10,-4.0
6265,2020-03-11,0.0
6266,2020-03-12,26.0
6267,2020-03-14,0.0
6268,2020-03-15,27.0
6269,2020-03-16,33.5
6271,2020-03-18,-25.5
6273,2020-03-21,0.0
6274,2020-03-22,-15.0
6275,2020-03-23,5.0
6276,2020-03-24,33.5
6277,2020-03-25,21.0
6278,2020-03-26,24.5
6279,2020-03-28,0.0
6280,2020-03-29,10.0
6281,2020-03-30,-6.0
6282,2020-03-31,5.5
6283,2020-04-01,18.0
6284,2020-04-02,25.0
6285,2020-04-05,7.0
6286,2020-04-06,-30.0
6287,2020-04-07,-7.0
6288,2020-04-08,31.5
6289,2020-04-11,0.0
6290,2020-04-12,-13.5
6291,2020-04-13,-6.5
6292,2020-04-14,-7.5
6293,2020-04-15,5.5
6294,2020-04-16,13.0
6295,2020-04-18,0.0
6296,2020-04-19,6.0
6300,2020-04-23,-27.5
6301,2020-04-25,0.0
6303,2020-04-27,-29.0
6307,2020-05-02,0.0
6308,2020-05-03,0.0
6309,2020-05-04,4.5
6310,2020-05-05,-7.5
6311,2020-05-06,0.0
6312,2020-05-07,0.0
6313,2020-05-09,0.0
6315,2020-05-11,-2.5
6316,2020-05-12,0.0
6317,2020-05-13,0.0
6318,2020-05-14,6.5
6319,2020-05-16,0.0
6320,2020-05-17,1.5
6321,2020-05-18,4.0
6322,2020-05-19,3.5
6323,2020-05-20,-4.0
6324,2020-05-21,3.5
6325,2020-05-23,0.0
6326,2020-05-25,23.0
6327,2020-05-26,11.0
6329,2020-05-28,33.5
6330,2020-05-30,0.0
6336,2020-06-06,0.0
6337,2020-06-07,0.0
6338,2020-06-08,0.0
6339,2020-06-09,0.0
6342,2020-06-13,0.0
6347,2020-06-18,-8.0
6348,2020-06-20,0.0
6349,2020-06-21,-4.0
6350,2020-06-22,6.0
6351,2020-06-23,-20.5
6353,2020-06-25,7.0
6354,2020-06-27,0.0
6355,2020-06-28,25.0
6358,2020-07-01,2.5
6359,2020-07-04,0.0
6360,2020-07-05,0.0
6362,2020-07-07,0.0
6364,2020-07-09,0.0
6365,2020-07-11,0.0
6366,2020-07-12,0.0
6367,2020-07-13,0.0
6368,2020-07-14,-5.5
6369,2020-07-15,-17.0
6370,2020-07-16,4.0
6371,2020-07-18,0.0
6372,2020-07-19,-3.0
6373,2020-07-20,1.0
6374,2020-07-21,3.0
6375,2020-07-22,-1.5
6376,2020-07-23,-2.0
6377,2020-07-25,0.0
6378,2020-07-26,-19.5
6379,2020-07-27,-19.5
6380,2020-07-28,-1.5
6381,2020-07-29,17.5
6382,2020-07-30,-1.5
6383,2020-08-01,0.0
6384,2020-08-02,-5.0
6385,2020-08-03,-3.5
6386,2020-08-04,6.5
6387,2020-08-05,-19.5
6388,2020-08-06,1.0
6389,2020-08-08,0.0
6390,2020-08-09,20.0
6391,2020-08-10,-2.0
6392,2020-08-11,12.0
6393,2020-08-12,3.5
6394,2020-08-13,16.5
6395,2020-08-15,0.0
6396,2020-08-16,8.5
6397,2020-08-17,-5.0
6398,2020-08-18,8.5
6399,2020-08-19,12.5
6400,2020-08-20,13.0
6401,2020-08-22,0.0
6402,2020-08-23,-3.5
6403,2020-08-24,-8.5
6404,2020-08-25,19.5
6407,2020-08-29,0.0
6408,2020-08-30,-11.0
6409,2020-08-31,0.0
6410,2020-09-01,0.0
6411,2020-09-02,-9.0
6412,2020-09-03,-1.5
6413,2020-09-05,0.0
6414,2020-09-07,0.0
6415,2020-09-08,0.0
6416,2020-09-09,0.0
6417,2020-09-10,-23.5
6418,2020-09-12,0.0
6419,2020-09-13,0.0
6420,2020-09-14,6.5
6421,2020-09-15,3.5
6422,2020-09-16,8.5
6423,2020-09-17,26.5
6424,2020-09-19,0.0
6425,2020-09-20,-28.5
6426,2020-09-21,27.0
6427,2020-09-22,1.0
6428,2020-09-23,7.5
6429,2020-09-24,-10.0
6430,2020-09-26,0.0
6431,2020-09-27,1.0
6432,2020-09-28,4.5
6433,2020-09-29,-0.5
6434,2020-09-30,6.5
6435,2020-10-01,4.0
6436,2020-10-03,0.0
6437,2020-10-04,18.5
6438,2020-10-05,-4.5
6439,2020-10-06,5.0
6440,2020-10-07,1.5
6441,2020-10-08,-18.5
6442,2020-10-10,0.0
6443,2020-10-11,-20.0
6444,2020-10-12,-5.5
6445,2020-10-13,19.0
6446,2020-10-14,10.5
6447,2020-10-15,-10.5
6448,2020-10-17,0.0
6449,2020-10-18,8.5
6450,2020-10-19,-20.0
6451,2020-10-20,0.0
6452,2020-10-21,2.0
6453,2020-10-22,13.0
6454,2020-10-24,0.0
6455,2020-10-25,-6.0
6456,2020-10-26,20.0
6457,2020-10-27,-11.0
6458,2020-10-28,-1.5
6459,2020-10-29,6.0
6460,2020-10-31,0.0
6461,2020-11-02,6.0
6462,2020-11-03,-5.0
6463,2020-11-04,0.0
6464,2020-11-05,0.0
6465,2020-11-06,0.0
6466,2020-11-08,0.0
6467,2020-11-09,0.0
6468,2020-11-10,0.0
6469,2020-11-11,0.0
6470,2020-11-12,0.0
6471,2020-11-13,0.0
6472,2020-11-15,0.0
6473,2020-11-16,-1.0
6474,2020-11-17,3.0
6475,2020-11-18,15.0
6476,2020-11-19,-0.5
6477,2020-11-20,5.0
6478,2020-11-22,0.0
6479,2020-11-23,-1.5
6480,2020-11-24,-3.5
6481,2020-11-25,4.0
6482,2020-11-27,20.0
6483,2020-11-29,0.0
6484,2020-11-30,-12.0
6485,2020-12-01,0.5
6486,2020-12-02,-1.0
6487,2020-12-03,-8.5
6488,2020-12-04,-9.0
6489,2020-12-06,0.0
6490,2020-12-07,8.5
6491,2020-12-08,1.0
6492,2020-12-09,5.5
6493,2020-12-10,2.5
6494,2020-12-11,7.0
6495,2020-12-13,0.0
6496,2020-12-14,-3.5
6497,2020-12-15,-4.0
6498,2020-12-16,2.5
6499,2020-12-17,27.5
6500,2020-12-18,0.0
6501,2020-12-20,0.0
6502,2020-12-21,-24.0
6503,2020-12-22,1.0
6504,2020-12-23,0.0
6505,2020-12-24,-9.5
6506,2020-12-27,0.0
6507,2020-12-28,-32.5
6508,2020-12-29,20.5
6509,2020-12-30,-2.0
6510,2020-12-31,16.0
6511,2021-01-01,0.0
6512,2021-01-02,0.0
6513,2021-01-03,0.0
6514,2021-01-04,-20.0
6515,2021-01-05,0.0
6516,2021-01-06,0.0
6517,2021-01-07,0.0
6518,2021-01-08,0.0
6519,2021-01-09,0.0
6520,2021-01-10,0.0
6521,2021-01-11,-11.5
6522,2021-01-12,0.0
6523,2021-01-13,0.0
6524,2021-01-14,-4.0
6525,2021-01-15,-3.0
6526,2021-01-16,0.0
6527,2021-01-17,0.0
6528,2021-01-18,0.0
6529,2021-01-19,10.5
6530,2021-01-20,2.0
6531,2021-01-21,4.5
6532,2021-01-22,6.0
6533,2021-01-23,0.0
6534,2021-01-24,0.0
6535,2021-01-25,-3.5
6536,2021-01-26,18.0
6537,2021-01-27,17.0
6538,2021-01-28,-7.5
6539,2021-01-29,5.0
6540,2021-01-30,0.0
6541,2021-01-31,0.0
6542,2021-02-01,-12.0
6543,2021-02-02,1.5
6544,2021-02-03,-26.0
6545,2021-02-04,-6.5
6546,2021-02-05,-1.5
6547,2021-02-06,0.0
6548,2021-02-07,0.0
6549,2021-02-08,-3.0
6550,2021-02-09,-13.0
6551,2021-02-10,-3.0
6552,2021-02-11,1.0
6553,2021-02-12,-8.0
6554,2021-02-13,0.0
6555,2021-02-14,0.0
6556,2021-02-15,0.0
6557,2021-02-16,-10.0
6558,2021-02-17,3.5
6559,2021-02-18,4.0
6560,2021-02-19,11.5
6561,2021-02-20,0.0
6562,2021-02-21,0.0
6563,2021-02-22,1.5
6564,2021-02-23,-1.0
6565,2021-02-24,3.5
6566,2021-02-25,-2.0
6567,2021-02-26,-6.0
6568,2021-02-27,0.0
6569,2021-02-28,0.0
6570,2021-03-01,0.0
6571,2021-03-02,27.0
6572,2021-03-03,17.0
6573,2021-03-04,-11.0
6574,2021-03-05,0.0
6575,2021-03-06,0.0
6576,2021-03-07,0.0
6577,2021-03-08,0.0
6578,2021-03-09,0.0
6579,2021-03-10,0.0
6580,2021-03-11,0.0
6581,2021-03-12,0.0
6582,2021-03-13,0.0
6583,2021-03-14,-5.0
6584,2021-03-14,-5.0
6585,2021-03-14,-5.0
6586,2021-03-14,-5.0
6587,2021-03-15,7.5
6588,2021-03-16,17.0
6589,2021-03-17,-15.0
6590,2021-03-18,12.0
6591,2021-03-19,0.0
6592,2021-03-20,0.0
6593,2021-03-21,5.5
6594,2021-03-22,-2.0
6595,2021-03-23,20.5
6596,2021-03-24,-16.0
6597,2021-03-25,-4.0
6598,2021-03-26,0.0
6599,2021-03-27,0.0
6600,2021-03-28,18.0
6601,2021-03-29,-5.0
6602,2021-03-30,-2.0
6603,2021-03-31,-4.5
6604,2021-04-01,0.0
6605,2021-04-02,0.0
6606,2021-04-03,0.0
6607,2021-04-04,5.0
6608,2021-04-05,-3.0
6609,2021-04-06,4.0
6610,2021-04-07,-3.0
6611,2021-04-08,1.0
6612,2021-04-09,0.0
6613,2021-04-10,0.0
6614,2021-04-11,0.5
6615,2021-04-12,2.0
6616,2021-04-13,6.5
6617,2021-04-14,-10.5
6618,2021-04-15,-19.0
6619,2021-04-16,0.0
6620,2021-04-17,0.0
6621,2021-04-18,-5.0
6622,2021-04-19,-1.0
6623,2021-04-20,3.0
6625,2021-04-22,3.0
6626,2021-04-23,0.0
6627,2021-04-24,0.0
6628,2021-04-25,-18.0
6629,2021-04-26,-6.5
6630,2021-04-27,2.5
6631,2021-04-28,18.0
6632,2021-04-29,0.5
6633,2021-04-30,0.0
6634,2021-05-01,0.0
6635,2021-05-02,3.0
6637,2021-05-04,22.5
6638,2021-05-05,-28.5
6639,2021-05-06,14.0
6640,2021-05-07,0.0
6641,2021-05-08,0.0
6642,2021-05-09,-31.0
6643,2021-05-10,-10.0
6644,2021-05-11,0.0
6645,2021-05-12,0.0
6646,2021-05-13,0.0
6647,2021-05-14,0.0
6648,2021-05-15,0.0
6649,2021-05-16,-14.5
6650,2021-05-17,-10.5
6651,2021-05-18,2.5
6652,2021-05-19,-6.0
6653,2021-05-20,-8.0
6654,2021-05-21,0.0
6655,2021-05-22,0.0
6656,2021-05-23,-3.5
6657,2021-05-24,5.5
6658,2021-05-25,-5.0
6659,2021-05-26,4.0
6660,2021-05-27,6.5
6661,2021-05-28,0.0
6662,2021-05-29,0.0
6663,2021-05-30,0.0
6664,2021-05-31,-5.5
6665,2021-06-01,4.5
6666,2021-06-02,0.0
6667,2021-06-03,4.5
6668,2021-06-04,0.0
6669,2021-06-05,0.0
6670,2021-06-06,-5.5
6671,2021-06-07,-9.0
6672,2021-06-08,-5.5
6673,2021-06-09,-13.5
6674,2021-06-10,-9.0
6675,2021-06-11,0.0
6676,2021-06-12,0.0
6678,2021-06-14,-13.0
6679,2021-06-15,5.0
6680,2021-06-16,-21.0
6682,2021-06-18,0.0
6683,2021-06-19,0.0
6684,2021-06-20,16.5
6687,2021-06-23,-1.0
6688,2021-06-24,1.0
6689,2021-06-25,0.0
6690,2021-06-26,0.0
6691,2021-06-27,3.0
6692,2021-06-28,20.0
6693,2021-06-29,-26.5
6694,2021-06-30,0.0
6695,2021-07-01,0.0
6696,2021-07-02,0.0
6697,2021-07-03,0.0
6698,2021-07-04,0.0
6699,2021-07-05,0.5
6700,2021-07-06,0.0
6701,2021-07-07,0.0
6702,2021-07-08,9.0
6703,2021-07-09,0.0
6704,2021-07-10,0.0
6705,2021-07-11,0.0
6706,2021-07-12,0.0
6707,2021-07-13,0.0
6708,2021-07-14,7.5
6709,2021-07-15,-2.0
6710,2021-07-16,0.0
6711,2021-07-17,0.0
6712,2021-07-18,-22.0
6713,2021-07-19,14.0
6714,2021-07-20,15.0
6715,2021-07-21,25.0
6716,2021-07-22,8.0
6717,2021-07-23,0.0
6718,2021-07-24,0.0
6719,2021-07-25,5.0
6720,2021-07-26,-7.5
6721,2021-07-27,18.0
6722,2021-07-28,0.0
6723,2021-07-29,3.0
6724,2021-07-30,0.0
6725,2021-07-31,0.0
6726,2021-08-01,-16.5
6727,2021-08-02,-10.0
6728,2021-08-03,-16.0
6729,2021-08-04,11.5
6730,2021-08-05,-1.0
6731,2021-08-06,0.0
6732,2021-08-07,0.0
6733,2021-08-08,3.0
6734,2021-08-09,8.5
6735,2021-08-10,2.5
6736,2021-08-11,12.0
6737,2021-08-12,-0.5
6738,2021-08-13,0.0
6739,2021-08-14,0.0
6740,2021-08-15,0.0
6741,2021-08-16,-10.0
6742,2021-08-17,0.0
6743,2021-08-18,0.0
6744,2021-08-19,0.0
6745,2021-08-20,0.0
6746,2021-08-21,0.0
6747,2021-08-22,0.0
6748,2021-08-23,0.0
6749,2021-08-24,0.0
6750,2021-08-25,0.0
6751,2021-08-26,0.0
6752,2021-08-27,0.0
6753,2021-08-28,0.0
6754,2021-08-29,0.0
6755,2021-08-30,0.0
6756,2021-08-31,0.0
6757,2021-09-01,0.0
6758,2021-09-02,0.0
6759,2021-09-03,0.0
6760,2021-09-04,0.0
6761,2021-09-05,0.0
6762,2021-09-06,0.0
6763,2021-09-07,0.0
6764,2021-09-08,0.0
6765,2021-09-09,0.0
6766,2021-09-10,0.0
6767,2021-09-11,0.0
6768,2021-09-12,0.0
6769,2021-09-13,0.0
6770,2021-09-14,0.0
6771,2021-09-15,0.0
6772,2021-09-16,0.0
6773,2021-09-17,0.0
6774,2021-09-18,0.0
6775,2021-09-19,0.0
6776,2021-09-20,0.0
6777,2021-09-21,0.0
6778,2021-09-22,0.0
6779,2021-09-23,0.0
6780,2021-09-24,0.0
6781,2021-09-25,0.0
6782,2021-09-26,0.0
6783,2021-09-27,0.0
6784,2021-09-28,0.0
6785,2021-09-29,0.0
6786,2021-09-30,0.0
6787,2021-10-01,0.0
6788,2021-10-02,0.0
6789,2021-10-03,0.0
6790,2021-10-04,0.0
6791,2021-10-05,0.0
6792,2021-10-06,0.0
6793,2021-10-07,0.0
6794,2021-10-08,0.0
6795,2021-10-09,0.0
6796,2021-10-10,0.0
6797,2021-10-11,0.0
6798,2021-10-12,0.0
6799,2021-10-13,0.0
6800,2021-10-14,0.0
6801,2021-10-15,0.0
6802,2021-10-16,0.0
6803,2021-10-17,0.0
6804,2021-10-18,0.0
6805,2021-10-19,0.0
6806,2021-10-20,0.0
6807,2021-10-21,0.0
6808,2021-10-22,0.0
6809,2021-10-23,0.0
6810,2021-10-24,0.0
6811,2021-10-25,0.0
6812,2021-10-26,0.0
6813,2021-10-27,0.0
6814,2021-10-28,0.0
6815,2021-10-29,0.0
6816,2021-10-30,0.0
6817,2021-10-31,0.0
6818,2021-11-01,0.0
6819,2021-11-02,0.0
6820,2021-11-03,0.0
6821,2021-11-04,0.0
6822,2021-11-05,0.0
6823,2021-11-06,0.0
6824,2021-11-07,0.0
6825,2021-11-08,0.0
6826,2021-11-09,0.0
6827,2021-11-10,0.0
6828,2021-11-11,0.0
6829,2021-11-12,0.0
6830,2021-11-13,0.0
6831,2021-11-14,0.0
6832,2021-11-15,0.0
6833,2021-11-16,0.0
6834,2021-11-17,0.0
6835,2021-11-18,0.0
6836,2021-11-19,0.0
6837,2021-11-20,0.0
6838,2021-11-21,0.0
6839,2021-11-22,0.0
6840,2021-11-23,0.0
6841,2021-11-24,0.0
6842,2021-11-25,0.0
6843,2021-11-26,0.0
6844,2021-11-27,0.0
6845,2021-11-28,0.0
6846,2021-11-29,0.0
6847,2021-11-30,0.0
6848,2021-12-01,0.0
6849,2021-12-02,0.0
6850,2021-12-03,0.0
6851,2021-12-04,0.0
